run,inst,slot,stamp,line,slice_line,vertices,after,latest_measured_support,support,contradiction,reliable,reliable_in_view,reliable_seen_through,absent_samples,total_samples,absence_llr,absence_coverage_sufficient
synthetic_rejected,2,0,151400000000,516,517,3864,104900000000,151400000000,7,3,725,40,5,2,67,0.453117,0
synthetic_rejected,3,0,151400000000,519,520,567,86066666667,151400000000,62,14,164,118,9,3,14,2.20729,0
synthetic_rejected,5,0,151400000000,522,523,24951,100300000000,151400000000,386,0,1500,447,0,0,413,0.0,0
synthetic_rejected,7,0,151400000000,525,526,35121,48033333333,0,0,0,1500,0,0,0,11707,0.0,0
synthetic_rejected,21,0,151400000000,528,529,252,4866666667,151400000000,31,17,80,46,12,2,10,13.9108,1
synthetic_rejected,48,0,151400000000,531,532,24861,140500000000,0,0,1064,1500,743,730,195,298,187.202,1
synthetic_rejected,49,0,151400000000,534,535,3129,48266666667,0,0,0,658,1,0,0,1043,0.0,0
synthetic_rejected,50,0,151400000000,537,538,3357,46266666667,0,0,0,821,0,0,0,1119,0.0,0
synthetic_rejected,51,0,151400000000,540,541,38454,53066666667,0,0,0,1500,0,0,0,12818,0.0,0
synthetic_rejected,52,0,151400000000,543,544,66783,105900000000,150966666667,284,66,1500,482,9,30,736,0.0,0
synthetic_rejected,54,0,151400000000,546,547,7659,104900000000,151400000000,116,11,1345,246,4,4,198,0.0,0
synthetic_rejected,55,0,151400000000,549,550,8895,49133333333,0,0,0,1500,0,0,0,2965,0.0,0
synthetic_rejected,56,0,151400000000,552,553,83787,135700000000,147933333333,946,592,1500,1002,47,0,27929,0.0579114,0
synthetic_rejected,57,0,151400000000,555,556,12795,113600000000,151400000000,2082,6,1500,1220,2,2,405,0.0,0
synthetic_rejected,68,0,151400000000,558,559,22524,140500000000,0,0,81,1500,97,64,52,239,6.30799,1
synthetic_rejected,69,0,151400000000,561,562,2289,140500000000,0,0,968,742,516,512,90,90,316.305,1
synthetic_rejected,70,0,151400000000,564,565,5547,140500000000,0,0,1207,818,579,453,83,99,98.9317,1
synthetic_rejected,71,0,151400000000,567,568,5406,140500000000,0,0,1443,988,564,554,107,117,215.026,1
synthetic_rejected,72,0,151400000000,570,571,4605,140500000000,0,0,1262,770,594,535,83,89,164.99,1
synthetic_rejected,77,0,151400000000,573,574,5778,101266666667,151400000000,213,26,1000,555,4,6,117,0.0,0
synthetic_rejected,88,0,151400000000,576,577,1419,100100000000,0,0,0,329,0,0,0,473,0.0,0
synthetic_rejected,89,0,151400000000,579,580,18048,136233333333,0,0,1688,1500,486,401,360,403,51.9755,1
synthetic_rejected,108,0,151400000000,582,583,6105,131000000000,0,0,0,1173,0,0,0,2035,0.0,0
synthetic_rejected,109,0,151400000000,585,586,39831,140500000000,145766666667,360,248,1500,1031,350,0,13277,23.9392,1
synthetic_rejected,112,0,151400000000,588,589,17250,87333333333,151400000000,1114,94,1500,1136,2,17,458,0.0,0
synthetic_rejected,121,0,151400000000,591,592,438,49166666667,0,0,0,115,0,0,0,146,0.0,0
synthetic_rejected,126,0,151400000000,594,595,402,114600000000,0,0,80,131,76,76,16,16,287.913,1
synthetic_rejected,128,0,151400000000,597,598,237,114366666667,0,0,0,77,0,0,0,79,0.0,0
synthetic_rejected,132,0,151400000000,600,601,183,16900000000,151400000000,28,5,60,16,3,2,13,0.0,0
synthetic_rejected,135,0,151400000000,603,604,4113,44533333333,0,0,0,1304,0,0,0,1371,0.0,0
synthetic_rejected,136,0,151400000000,606,607,14100,136166666667,0,0,0,1500,0,0,0,4700,0.0,0
synthetic_rejected,141,0,151400000000,609,610,2361,47700000000,0,0,0,432,0,0,0,787,0.0,0
synthetic_rejected,142,0,151400000000,612,613,2244,47066666667,0,0,0,393,0,0,0,748,0.0,0
synthetic_rejected,143,0,151400000000,615,616,2199,47766666667,0,0,0,460,0,0,0,733,0.0,0
synthetic_rejected,144,0,151400000000,618,619,1953,47133333333,0,0,0,387,0,0,0,651,0.0,0
synthetic_rejected,145,0,151400000000,621,622,99,47166666667,0,0,0,32,0,0,0,33,0.0,0
synthetic_rejected,146,0,151400000000,624,625,60,47800000000,0,0,0,20,0,0,0,20,0.0,0
synthetic_rejected,147,0,151400000000,627,628,2064,140500000000,0,0,0,245,0,0,0,688,0.0,0
synthetic_rejected,148,0,151400000000,630,631,1389,138866666667,0,0,0,183,0,0,0,463,0.0,0
synthetic_rejected,149,0,151400000000,633,634,3804,140500000000,0,0,0,367,0,0,0,1268,0.0,0
synthetic_rejected,153,0,151400000000,636,637,1860,76933333333,151400000000,191,29,582,121,0,7,115,0.0,0
synthetic_rejected,155,0,151400000000,639,640,8424,117100000000,0,0,2531,1500,215,195,406,436,31.5435,1
synthetic_rejected,156,0,151400000000,642,643,10854,140500000000,0,0,0,1500,0,0,0,3618,0.0,0
synthetic_rejected,161,0,151400000000,645,646,3219,140500000000,141433333333,35,3,424,299,39,0,1073,6.20814,1
synthetic_rejected,162,0,151400000000,648,649,2715,140500000000,141866666667,88,35,400,316,37,0,905,5.81366,1
synthetic_rejected,163,0,151400000000,651,652,2793,114700000000,0,0,408,907,323,247,89,133,47.1462,1
synthetic_rejected,164,0,151400000000,654,655,6633,140500000000,0,0,0,1149,0,0,0,2211,0.0,0
synthetic_rejected,165,0,151400000000,657,658,1371,48166666667,0,0,0,350,0,0,0,457,0.0,0
synthetic_rejected,166,0,151400000000,660,661,1797,44733333333,0,0,0,496,0,0,0,599,0.0,0
synthetic_rejected,167,0,151400000000,663,664,4998,140500000000,141433333333,72,37,568,394,50,0,1666,5.84012,1
synthetic_rejected,171,0,151400000000,666,667,15894,140500000000,0,0,1981,1500,1288,652,165,167,53.5249,1
synthetic_rejected,172,0,151400000000,669,670,4662,49200000000,0,0,0,916,0,0,0,1554,0.0,0
synthetic_rejected,173,0,151400000000,672,673,1215,135900000000,0,0,285,318,117,117,39,42,182.59,1
synthetic_rejected,174,0,151400000000,675,676,1038,114233333333,0,0,422,323,98,98,43,43,150.571,1
synthetic_rejected,175,0,151400000000,678,679,822,114500000000,0,0,215,265,88,88,35,35,164.799,1
synthetic_rejected,180,0,151400000000,681,682,264,16833333333,151400000000,77,8,88,49,0,2,15,0.0,0
synthetic_rejected,205,0,151400000000,684,685,1080,114166666667,146633333333,49,38,184,129,37,0,360,19.332,1
synthetic_rejected,2,0,162233333333,890,891,3864,151400000000,152700000000,27,8,720,128,6,3,67,0.464143,0
synthetic_rejected,3,0,162233333333,893,894,567,151400000000,154000000000,42,20,152,146,16,0,189,3.93272,0
synthetic_rejected,5,0,162233333333,896,897,24951,151400000000,152266666667,77,0,1500,171,0,0,413,0.0,0
synthetic_rejected,7,0,162233333333,899,900,35121,48033333333,0,0,0,1500,0,0,0,11707,0.0,0
synthetic_rejected,21,0,162233333333,902,903,252,151400000000,0,0,2,60,2,0,2,10,0.0,0
synthetic_rejected,49,0,162233333333,905,906,3129,48266666667,0,0,0,658,0,0,0,1043,0.0,0
synthetic_rejected,50,0,162233333333,908,909,3357,46266666667,0,0,0,821,0,0,0,1119,0.0,0
synthetic_rejected,51,0,162233333333,911,912,38454,53066666667,0,0,0,1500,0,0,0,12818,0.0,0
synthetic_rejected,52,0,162233333333,914,915,66783,150966666667,152700000000,402,32,1486,478,7,16,736,0.0,0
synthetic_rejected,54,0,162233333333,917,918,7659,151400000000,152700000000,174,13,1341,474,8,6,198,0.0,0
synthetic_rejected,55,0,162233333333,920,921,8895,49133333333,0,0,0,1500,0,0,0,2965,0.0,0
synthetic_rejected,56,0,162233333333,923,924,83787,147933333333,154433333333,491,359,1426,643,9,0,27929,0.0,0
synthetic_rejected,57,0,162233333333,926,927,12795,151400000000,157466666667,424,27,1477,1451,5,0,4265,0.0,0
synthetic_rejected,68,0,162233333333,929,930,5190,145600000000,0,0,0,1500,0,0,0,1730,0.0,0
synthetic_rejected,77,0,162233333333,932,933,5778,151400000000,152700000000,122,5,996,455,0,2,117,0.0,0
synthetic_rejected,88,0,162233333333,935,936,1419,100100000000,0,0,0,329,0,0,0,473,0.0,0
synthetic_rejected,108,0,162233333333,938,939,6105,131000000000,0,0,0,1173,0,0,0,2035,0.0,0
synthetic_rejected,109,0,162233333333,941,942,39831,145766666667,148366666667,1086,315,1109,0,0,112,467,0.0,0
synthetic_rejected,112,0,162233333333,944,945,17250,151400000000,156600000000,177,24,1492,1451,6,0,5750,0.0,0
synthetic_rejected,121,0,162233333333,947,948,438,49166666667,0,0,0,115,0,0,0,146,0.0,0
synthetic_rejected,128,0,162233333333,950,951,237,114366666667,154000000000,3,1,77,19,1,1,10,0.0,0
synthetic_rejected,132,0,162233333333,953,954,183,151400000000,157466666667,30,5,57,50,10,0,61,14.6515,1
synthetic_rejected,135,0,162233333333,956,957,4113,44533333333,0,0,0,1304,0,0,0,1371,0.0,0
synthetic_rejected,136,0,162233333333,959,960,14100,136166666667,0,0,0,1500,0,0,0,4700,0.0,0
synthetic_rejected,141,0,162233333333,962,963,2361,47700000000,0,0,0,432,0,0,0,787,0.0,0
synthetic_rejected,142,0,162233333333,965,966,2244,47066666667,0,0,0,393,0,0,0,748,0.0,0
synthetic_rejected,143,0,162233333333,968,969,2199,47766666667,0,0,0,460,0,0,0,733,0.0,0
synthetic_rejected,144,0,162233333333,971,972,1953,47133333333,0,0,0,387,0,0,0,651,0.0,0
synthetic_rejected,145,0,162233333333,974,975,99,47166666667,0,0,0,32,0,0,0,33,0.0,0
synthetic_rejected,146,0,162233333333,977,978,60,47800000000,0,0,0,20,0,0,0,20,0.0,0
synthetic_rejected,147,0,162233333333,980,981,2064,140500000000,0,0,0,245,0,0,0,688,0.0,0
synthetic_rejected,148,0,162233333333,983,984,1389,138866666667,0,0,0,183,0,0,0,463,0.0,0
synthetic_rejected,149,0,162233333333,986,987,3804,140500000000,0,0,0,367,0,0,0,1268,0.0,0
synthetic_rejected,153,0,162233333333,989,990,1860,151400000000,157900000000,172,71,582,552,5,0,620,0.0,0
synthetic_rejected,156,0,162233333333,992,994,10854,140500000000,0,0,0,1500,0,0,0,3618,0.0,0
synthetic_rejected,156,1,162233333333,993,994,279,144666666667,151400000000,66,0,87,87,0,0,20,0.0,0
synthetic_rejected,161,0,162233333333,1006,1008,3219,141433333333,144466666667,124,9,374,0,0,2,42,0.0,0
synthetic_rejected,161,1,162233333333,1007,1008,591,144566666667,0,0,0,141,141,0,0,197,0.0,0
synthetic_rejected,162,0,162233333333,1016,1018,2715,141866666667,144900000000,167,3,359,0,0,0,29,0.0,0
synthetic_rejected,162,1,162233333333,1017,1018,1422,145400000000,0,0,0,268,268,1,0,474,0.0,0
synthetic_rejected,163,0,162233333333,1026,1027,480,144733333333,0,0,0,157,0,0,0,160,0.0,0
synthetic_rejected,164,0,162233333333,1029,1030,6633,140500000000,0,0,0,1149,0,0,0,2211,0.0,0
synthetic_rejected,165,0,162233333333,1032,1033,1371,48166666667,0,0,0,350,0,0,0,457,0.0,0
synthetic_rejected,166,0,162233333333,1035,1036,1797,44733333333,0,0,0,496,0,0,0,599,0.0,0
synthetic_rejected,167,0,162233333333,1038,1040,4998,141433333333,144900000000,226,39,482,0,0,9,55,0.0,0
synthetic_rejected,167,1,162233333333,1039,1040,1047,145100000000,0,0,0,260,260,2,0,349,0.0,0
synthetic_rejected,172,0,162233333333,1048,1049,4662,49200000000,0,0,0,916,0,0,0,1554,0.0,0
synthetic_rejected,180,0,162233333333,1051,1052,264,151400000000,157033333333,53,29,76,74,0,0,88,0.0,0
synthetic_rejected,205,0,162233333333,1054,1055,1080,146633333333,148800000000,84,55,134,90,3,0,360,0.0,0
synthetic_rejected,1,0,173066666667,1301,1302,396,159200000000,162233333333,152,3,100,100,0,0,30,0.0,0
synthetic_rejected,2,0,173066666667,1308,1310,3864,152700000000,0,0,0,712,0,0,0,1288,0.464143,0
synthetic_rejected,2,1,173066666667,1309,1310,156,153000000000,0,0,0,18,18,0,0,52,0.0,0
synthetic_rejected,3,0,173066666667,1318,1320,567,154000000000,161800000000,187,62,123,0,0,4,14,3.93272,0
synthetic_rejected,3,1,173066666667,1319,1320,282,159200000000,161800000000,59,1,89,89,0,0,10,0.0,0
synthetic_rejected,5,0,173066666667,1332,1334,24951,152266666667,0,0,0,1500,0,0,0,8317,0.0,0
synthetic_rejected,5,1,173066666667,1333,1334,2922,152600000000,0,0,0,511,511,0,0,974,0.0,0
synthetic_rejected,7,0,173066666667,1342,1343,35121,48033333333,0,0,0,1500,0,0,0,11707,0.0,0
synthetic_rejected,21,0,173066666667,1345,1346,252,151400000000,0,0,2,60,0,0,2,10,0.0,0
synthetic_rejected,48,0,173066666667,1348,1349,5490,150066666667,168300000000,444,17,193,193,0,12,242,0.0,0
synthetic_rejected,49,0,173066666667,1355,1356,3129,48266666667,0,0,0,658,0,0,0,1043,0.0,0
synthetic_rejected,50,0,173066666667,1358,1359,3357,46266666667,0,0,0,821,0,0,0,1119,0.0,0
synthetic_rejected,51,0,173066666667,1361,1362,38454,53066666667,0,0,0,1500,0,0,0,12818,0.0,0
synthetic_rejected,52,0,173066666667,1364,1366,66783,152700000000,165266666667,144,53,1479,702,61,0,22261,1.97792,0
synthetic_rejected,52,1,173066666667,1365,1366,6825,152766666667,165266666667,26,10,871,871,3,0,2275,0.0,0
synthetic_rejected,54,0,173066666667,1378,1380,7659,152700000000,0,0,0,1333,0,0,0,2553,0.0,0
synthetic_rejected,54,1,173066666667,1379,1380,906,153033333333,0,0,0,229,229,0,0,302,0.0,0
synthetic_rejected,55,0,173066666667,1388,1389,8895,49133333333,0,0,0,1500,0,0,0,2965,0.0,0
synthetic_rejected,56,0,173066666667,1391,1393,83787,154433333333,160066666667,454,30,1413,0,0,6,1527,0.0,0
synthetic_rejected,56,1,173066666667,1392,1393,16764,154866666667,160066666667,87,0,1023,1023,10,0,830,0.0,0
synthetic_rejected,57,0,173066666667,1405,1407,12795,157466666667,163966666667,2899,1,1462,341,0,0,405,0.0,0
synthetic_rejected,57,1,173066666667,1406,1407,7194,156600000000,157466666667,33,5,1364,1364,2,0,2398,0.0,0
synthetic_rejected,68,0,173066666667,1419,1420,5190,145600000000,168733333333,52,41,775,775,15,0,1730,0.0,0
synthetic_rejected,69,0,173066666667,1426,1427,1872,153000000000,168300000000,136,19,294,294,1,0,624,0.0,0
synthetic_rejected,70,0,173066666667,1433,1434,1653,155366666667,167000000000,104,29,282,282,11,0,551,0.0,0
synthetic_rejected,71,0,173066666667,1440,1441,1467,153400000000,167000000000,200,81,243,243,5,0,489,0.0,0
synthetic_rejected,72,0,173066666667,1447,1448,1791,152066666667,168300000000,236,15,180,180,2,5,73,0.0,0
synthetic_rejected,77,0,173066666667,1454,1456,5778,152700000000,0,0,0,996,0,0,0,1926,0.0,0
synthetic_rejected,77,1,173066666667,1455,1456,1071,153100000000,0,0,0,260,260,0,0,357,0.0,0
synthetic_rejected,88,0,173066666667,1464,1465,1419,100100000000,0,0,0,329,0,0,0,473,0.0,0
synthetic_rejected,89,0,173066666667,1467,1468,7581,154666666667,169600000000,337,178,1249,1249,11,0,2527,0.0,0
synthetic_rejected,108,0,173066666667,1474,1475,6105,131000000000,167433333333,5,5,1173,281,68,0,2035,5.48386,1
synthetic_rejected,109,0,173066666667,1477,1479,39831,148366666667,168300000000,313,77,1109,452,67,61,467,4.58062,0
synthetic_rejected,109,1,173066666667,1478,1479,9705,148633333333,168300000000,256,79,826,826,88,56,364,6.47262,1
synthetic_rejected,112,0,173066666667,1491,1492,17250,156600000000,161800000000,214,0,1465,1371,16,0,5750,0.0,0
synthetic_rejected,121,0,173066666667,1494,1495,438,49166666667,0,0,0,115,0,0,0,146,0.0,0
synthetic_rejected,128,0,173066666667,1497,1498,237,154000000000,0,0,0,76,0,0,0,79,0.0,0
synthetic_rejected,132,0,173066666667,1500,1502,183,157466666667,160933333333,101,3,42,0,0,0,13,0.0,0
synthetic_rejected,132,1,173066666667,1501,1502,306,160933333333,0,0,0,65,65,0,0,102,0.0,0
synthetic_rejected,135,0,173066666667,1510,1511,4113,44533333333,0,0,0,1304,0,0,0,1371,0.0,0
synthetic_rejected,136,0,173066666667,1513,1514,14100,136166666667,0,0,0,1500,0,0,0,4700,0.0,0
synthetic_rejected,141,0,173066666667,1516,1517,2361,47700000000,0,0,0,432,0,0,0,787,0.0,0
synthetic_rejected,142,0,173066666667,1519,1520,2244,47066666667,0,0,0,393,0,0,0,748,0.0,0
synthetic_rejected,143,0,173066666667,1522,1523,2199,47766666667,0,0,0,460,0,0,0,733,0.0,0
synthetic_rejected,144,0,173066666667,1525,1526,1953,47133333333,0,0,0,387,0,0,0,651,0.0,0
synthetic_rejected,145,0,173066666667,1528,1529,99,47166666667,0,0,0,32,0,0,0,33,0.0,0
synthetic_rejected,146,0,173066666667,1531,1532,60,47800000000,0,0,0,20,0,0,0,20,0.0,0
synthetic_rejected,147,0,173066666667,1534,1535,2064,140500000000,0,0,417,245,110,110,26,26,233.457,1
synthetic_rejected,148,0,173066666667,1537,1538,1389,138866666667,0,0,368,183,104,83,24,28,87.3184,1
synthetic_rejected,149,0,173066666667,1540,1542,3804,140500000000,0,0,561,367,123,113,38,53,81.6929,1
synthetic_rejected,149,1,173066666667,1541,1542,816,151200000000,169166666667,195,124,141,141,0,0,272,0.0,0
synthetic_rejected,153,0,173066666667,1549,1551,1860,157900000000,161366666667,755,52,567,0,0,3,115,0.0,0
synthetic_rejected,153,1,173066666667,1550,1551,2757,158333333333,161366666667,821,21,862,862,0,0,146,0.0,0
synthetic_rejected,156,0,173066666667,1563,1564,3243,151900000000,168300000000,127,7,265,265,0,0,1081,0.0,0
synthetic_rejected,161,0,173066666667,1570,1572,3219,144466666667,168733333333,81,61,374,340,20,0,1073,1.17959,0
synthetic_rejected,161,1,173066666667,1571,1572,591,144566666667,168733333333,87,48,167,112,3,0,197,0.0,0
synthetic_rejected,162,0,173066666667,1584,1585,1422,145400000000,173066666667,461,232,193,188,2,26,78,0.0,0
synthetic_rejected,163,0,173066666667,1591,1592,480,144733333333,168300000000,100,9,87,87,1,0,160,0.0,0
synthetic_rejected,164,0,173066666667,1598,1599,6633,140500000000,0,0,371,1149,295,288,59,90,93.8982,1
synthetic_rejected,165,0,173066666667,1601,1602,1371,48166666667,0,0,0,350,0,0,0,457,0.0,0
synthetic_rejected,166,0,173066666667,1604,1605,1797,44733333333,0,0,0,496,0,0,0,599,0.0,0
synthetic_rejected,167,0,173066666667,1607,1609,4998,144900000000,173066666667,297,120,482,365,35,16,55,3.98017,0
synthetic_rejected,167,1,173066666667,1608,1609,1047,145100000000,173066666667,262,93,258,196,9,10,47,0.0,0
synthetic_rejected,171,0,173066666667,1621,1622,2904,149600000000,167866666667,32,8,0,0,0,8,108,0.0,0
synthetic_rejected,172,0,173066666667,1628,1629,4662,49200000000,0,0,0,916,0,0,0,1554,0.0,0
synthetic_rejected,180,0,173066666667,1631,1633,264,157033333333,161366666667,130,3,76,0,0,1,15,0.0,0
synthetic_rejected,180,1,173066666667,1632,1633,561,158766666667,161366666667,113,25,156,156,0,5,28,0.0,0
synthetic_rejected,205,0,173066666667,1645,1647,1080,148800000000,154433333333,142,41,128,0,0,5,21,0.0,0
synthetic_rejected,205,1,173066666667,1646,1647,318,154600000000,0,0,0,70,70,0,0,106,0.0,0
synthetic_rejected,1,0,183900000000,1938,1939,810,162300000000,183900000000,81,22,92,51,1,2,30,0.0,0
synthetic_rejected,2,0,183900000000,1945,1947,3864,152700000000,183900000000,24,9,712,82,1,3,67,0.435297,0
synthetic_rejected,2,1,183900000000,1946,1947,156,153000000000,183900000000,24,1,23,23,0,0,10,0.0,0
synthetic_rejected,3,0,183900000000,1959,1961,567,161800000000,183900000000,71,15,123,89,4,2,14,3.93482,0
synthetic_rejected,3,1,183900000000,1960,1961,492,162066666667,183900000000,60,0,82,72,0,0,10,0.0,0
synthetic_rejected,5,0,183900000000,1973,1975,24951,152266666667,183900000000,285,0,1500,336,0,0,413,0.0,0
synthetic_rejected,5,1,183900000000,1974,1975,2922,152600000000,183900000000,275,0,716,680,0,0,141,0.0,0
synthetic_rejected,7,0,183900000000,1987,1988,35121,48033333333,0,0,0,1500,0,0,0,11707,0.0,0
synthetic_rejected,21,0,183900000000,1990,1991,252,151400000000,183900000000,14,5,60,24,0,2,10,0.0,0
synthetic_rejected,48,0,183900000000,1993,1994,8358,168533333333,179566666667,48,25,1250,1242,1,0,2786,0.0,0
synthetic_rejected,49,0,183900000000,2000,2001,3129,48266666667,0,0,0,658,0,0,0,1043,0.0,0
synthetic_rejected,50,0,183900000000,2003,2004,3357,46266666667,0,0,0,821,0,0,0,1119,0.0,0
synthetic_rejected,51,0,183900000000,2006,2007,38454,53066666667,0,0,0,1500,0,0,0,12818,0.0,0
synthetic_rejected,52,0,183900000000,2009,2011,66783,165266666667,183900000000,2377,151,1407,841,6,35,736,1.60145,0
synthetic_rejected,52,1,183900000000,2010,2011,6825,165266666667,183900000000,1200,49,1249,1241,0,9,282,0.0,0
synthetic_rejected,54,0,183900000000,2023,2025,7659,152700000000,183900000000,207,1,1333,368,0,1,198,0.0,0
synthetic_rejected,54,1,183900000000,2024,2025,906,153033333333,183900000000,153,14,262,259,0,2,54,0.0,0
synthetic_rejected,55,0,183900000000,2037,2038,8895,49133333333,0,0,0,1500,0,0,0,2965,0.0,0
synthetic_rejected,56,0,183900000000,2040,2042,83787,160066666667,180433333333,134,11,1413,708,16,0,27929,0.0,0
synthetic_rejected,56,1,183900000000,2041,2042,28086,160166666667,180433333333,127,0,668,600,5,0,9362,0.0,0
synthetic_rejected,57,0,183900000000,2054,2056,12795,163966666667,183900000000,2135,10,1462,1282,2,1,405,0.0,0
synthetic_rejected,57,1,183900000000,2055,2056,18207,164366666667,183900000000,2504,116,1039,988,3,27,581,0.0,0
synthetic_rejected,68,0,183900000000,2068,2069,5190,168733333333,172633333333,472,373,769,714,7,0,1730,0.0,0
synthetic_rejected,69,0,183900000000,2075,2076,1872,168300000000,168733333333,1,0,473,451,0,0,624,0.0,0
synthetic_rejected,70,0,183900000000,2082,2083,3879,168866666667,183900000000,337,94,480,411,4,15,112,0.0,0
synthetic_rejected,71,0,183900000000,2089,2090,3468,169100000000,183900000000,314,59,466,449,6,12,103,0.0,0
synthetic_rejected,72,0,183900000000,2096,2097,3819,168633333333,180433333333,56,47,534,521,281,0,1273,6.41926,1
synthetic_rejected,77,0,183900000000,2103,2105,5778,152700000000,183900000000,174,7,996,368,3,2,117,0.0,0
synthetic_rejected,77,1,183900000000,2104,2105,1071,153100000000,183900000000,39,1,263,152,0,1,42,0.0,0
synthetic_rejected,88,0,183900000000,2117,2118,1419,100100000000,0,0,0,329,0,0,0,473,0.0,0
synthetic_rejected,89,0,183900000000,2120,2121,7581,169600000000,183900000000,1649,154,1267,1178,5,24,330,0.0,0
synthetic_rejected,108,0,183900000000,2127,2128,6105,167433333333,170466666667,13,23,1093,9,2,6,136,0.0,0
synthetic_rejected,109,0,183900000000,2130,2132,39831,168300000000,179566666667,1536,543,1039,551,78,95,467,5.82515,1
synthetic_rejected,109,1,183900000000,2131,2132,14550,168666666667,179566666667,1623,401,618,529,18,72,453,0.0,0
synthetic_rejected,112,0,183900000000,2145,2147,17250,161800000000,183900000000,3755,132,1446,1154,2,12,458,0.0,0
synthetic_rejected,112,1,183900000000,2146,2147,17616,165000000000,183900000000,1665,93,1438,1438,9,12,452,0.0,0
synthetic_rejected,121,0,183900000000,2159,2160,438,49166666667,0,0,0,115,0,0,0,146,0.0,0
synthetic_rejected,128,0,183900000000,2162,2163,237,154000000000,0,0,0,76,0,0,0,79,0.0,0
synthetic_rejected,132,0,183900000000,2165,2167,183,160933333333,181300000000,6,0,42,11,0,0,13,0.0,0
synthetic_rejected,132,1,183900000000,2166,2167,624,161433333333,181300000000,4,0,61,10,0,0,16,0.0,0
synthetic_rejected,135,0,183900000000,2179,2180,4113,44533333333,0,0,0,1304,0,0,0,1371,0.0,0
synthetic_rejected,136,0,183900000000,2182,2183,14100,136166666667,0,0,0,1500,0,0,0,4700,0.0,0
synthetic_rejected,141,0,183900000000,2185,2186,2361,47700000000,0,0,0,432,0,0,0,787,0.0,0
synthetic_rejected,142,0,183900000000,2188,2189,2244,47066666667,0,0,0,393,0,0,0,748,0.0,0
synthetic_rejected,143,0,183900000000,2191,2192,2199,47766666667,0,0,0,460,0,0,0,733,0.0,0
synthetic_rejected,144,0,183900000000,2194,2195,1953,47133333333,0,0,0,387,0,0,0,651,0.0,0
synthetic_rejected,145,0,183900000000,2197,2198,99,47166666667,0,0,0,32,0,0,0,33,0.0,0
synthetic_rejected,146,0,183900000000,2200,2201,60,47800000000,0,0,0,20,0,0,0,20,0.0,0
synthetic_rejected,149,0,183900000000,2203,2204,816,169166666667,171766666667,138,22,28,28,0,0,272,0.0,0
synthetic_rejected,153,0,183900000000,2210,2212,1860,161366666667,182600000000,69,11,567,92,0,9,115,0.0,0
synthetic_rejected,153,1,183900000000,2211,2212,5865,161466666667,183900000000,84,5,857,184,0,5,164,0.0,0
synthetic_rejected,156,0,183900000000,2224,2225,3243,168300000000,170466666667,60,0,624,612,0,0,1081,0.0,0
synthetic_rejected,161,0,183900000000,2231,2233,3219,168733333333,173500000000,115,114,334,297,2,0,1073,1.09583,0
synthetic_rejected,161,1,183900000000,2232,2233,591,168733333333,173500000000,125,30,161,112,2,0,197,0.0,0
synthetic_rejected,162,0,183900000000,2245,2246,1422,173066666667,177833333333,510,213,200,195,5,19,78,0.0,0
synthetic_rejected,163,0,183900000000,2252,2253,480,168300000000,171333333333,44,0,87,58,0,0,160,0.0,0
synthetic_rejected,165,0,183900000000,2259,2260,1371,48166666667,0,0,0,350,0,0,0,457,0.0,0
synthetic_rejected,166,0,183900000000,2262,2263,1797,44733333333,0,0,0,496,0,0,0,599,0.0,0
synthetic_rejected,167,0,183900000000,2265,2267,4998,173066666667,173500000000,3,3,430,327,11,0,1666,3.85597,0
synthetic_rejected,167,1,183900000000,2266,2267,1047,173066666667,173500000000,3,2,247,200,1,0,349,0.0,0
synthetic_rejected,171,0,183900000000,2279,2280,2904,167866666667,178700000000,3,3,798,798,0,0,968,0.0,0
synthetic_rejected,172,0,183900000000,2286,2287,4662,49200000000,0,0,0,916,0,0,0,1554,0.0,0
synthetic_rejected,180,0,183900000000,2289,2291,264,161366666667,183900000000,61,3,76,34,0,1,15,0.0,0
synthetic_rejected,180,1,183900000000,2290,2291,1140,161766666667,183900000000,60,27,143,46,0,6,29,0.0,0
synthetic_rejected,205,0,183900000000,2303,2305,1080,154433333333,183900000000,67,9,128,76,0,6,21,0.0,0
synthetic_rejected,205,1,183900000000,2304,2305,318,154600000000,183900000000,63,1,69,61,0,1,13,0.0,0
synthetic_rejected,1,0,194733333333,2653,2654,810,183900000000,186933333333,85,21,88,54,0,3,30,0.0,0
synthetic_rejected,2,0,194733333333,2660,2662,3864,183900000000,184766666667,13,3,708,72,0,2,67,0.428137,0
synthetic_rejected,2,1,194733333333,2661,2662,156,183900000000,185200000000,14,1,21,17,0,0,10,0.0,0
synthetic_rejected,3,0,194733333333,2674,2676,567,183900000000,186933333333,61,19,117,99,0,4,14,3.93482,0
synthetic_rejected,3,1,194733333333,2675,2676,492,183900000000,186933333333,56,2,84,81,1,1,10,0.0,0
synthetic_rejected,5,0,194733333333,2688,2690,24951,183900000000,186066666667,259,0,1500,558,6,0,413,0.0,0
synthetic_rejected,5,1,194733333333,2689,2690,2922,183900000000,185633333333,166,0,777,417,0,0,141,0.0,0
synthetic_rejected,7,0,194733333333,2702,2703,35121,48033333333,194733333333,571,2556,1500,507,344,474,678,13.657,1
synthetic_rejected,21,0,194733333333,2705,2706,252,183900000000,188666666667,27,2,60,34,0,1,10,0.0,0
synthetic_rejected,48,0,194733333333,2708,2709,8358,179566666667,188666666667,98,63,1339,1336,2,0,2786,0.0,0
synthetic_rejected,49,0,194733333333,2715,2716,3129,48266666667,0,0,147,658,293,185,51,85,15.429,1
synthetic_rejected,50,0,194733333333,2718,2719,3357,46266666667,194733333333,8,299,821,395,295,55,96,23.4717,1
synthetic_rejected,51,0,194733333333,2721,2722,38454,53066666667,191700000000,44,0,1500,103,0,0,12818,0.0,0
synthetic_rejected,52,0,194733333333,2724,2726,66783,183900000000,185200000000,758,62,1399,625,0,32,736,1.60145,0
synthetic_rejected,52,1,194733333333,2725,2726,13677,183900000000,185200000000,600,26,693,582,0,13,395,0.0,0
synthetic_rejected,54,0,194733333333,2740,2742,7659,183900000000,185200000000,122,5,1333,382,2,4,198,0.0,0
synthetic_rejected,54,1,194733333333,2741,2742,906,183900000000,185200000000,93,6,272,268,0,2,54,0.0,0
synthetic_rejected,55,0,194733333333,2754,2755,8895,49133333333,194300000000,96,97,1500,414,59,69,190,1.44146,0
synthetic_rejected,56,0,194733333333,2757,2759,83787,180433333333,187800000000,977,575,1393,933,53,0,27929,0.0,0
synthetic_rejected,56,1,194733333333,2758,2759,28086,180433333333,187800000000,896,381,902,799,26,0,9362,0.0,0
synthetic_rejected,57,0,194733333333,2771,2773,12795,183900000000,187800000000,1919,3,1455,1406,0,1,405,0.0,0
synthetic_rejected,57,1,194733333333,2772,2773,18207,183900000000,187800000000,2121,77,1198,1173,0,26,581,0.0,0
synthetic_rejected,68,0,194733333333,2785,2786,11922,178033333333,0,0,0,516,0,0,0,3974,0.0,0
synthetic_rejected,69,0,194733333333,2788,2789,2604,171166666667,186066666667,546,291,678,675,35,0,868,0.0,0
synthetic_rejected,70,0,194733333333,2795,2796,3879,183900000000,184766666667,4,2,493,428,14,0,1293,0.0,0
synthetic_rejected,71,0,194733333333,2802,2803,3468,183900000000,186933333333,222,40,471,428,2,10,103,0.0,0
synthetic_rejected,72,0,194733333333,2809,2810,3819,180433333333,183900000000,322,313,467,441,437,0,1273,7.07219,1
synthetic_rejected,77,0,194733333333,2816,2818,5778,183900000000,185633333333,238,10,993,797,1,5,117,0.0,0
synthetic_rejected,77,1,194733333333,2817,2818,1071,183900000000,185633333333,89,0,301,299,0,0,42,0.0,0
synthetic_rejected,88,0,194733333333,2830,2831,1419,100100000000,186066666667,15,3,329,186,3,3,28,0.0,0
synthetic_rejected,89,0,194733333333,2833,2834,16122,183900000000,186066666667,38,36,1041,1028,32,0,5374,0.0,0
synthetic_rejected,108,0,194733333333,2840,2842,6105,170466666667,0,0,13,1093,0,0,1,136,0.0,0
synthetic_rejected,108,1,194733333333,2841,2842,855,170166666667,170466666667,1,0,102,102,0,0,39,0.0,0
synthetic_rejected,109,0,194733333333,2854,2856,39831,179566666667,191700000000,249,74,948,180,9,28,467,0.0,0
synthetic_rejected,109,1,194733333333,2855,2856,19956,179766666667,191700000000,220,127,357,92,4,43,482,0.0,0
synthetic_rejected,112,0,194733333333,2868,2870,17250,183900000000,186500000000,731,39,1441,754,0,20,458,0.0,0
synthetic_rejected,112,1,194733333333,2869,2870,17616,183900000000,186500000000,748,43,1380,702,0,20,452,0.0,0
synthetic_rejected,121,0,194733333333,2882,2883,438,49166666667,0,0,11,115,48,4,5,12,0.101628,0
synthetic_rejected,126,0,194733333333,2885,2886,531,176366666667,0,0,0,124,124,1,0,177,0.0,0
synthetic_rejected,128,0,194733333333,2888,2889,237,154000000000,189966666667,21,20,76,65,11,5,10,3.97178,0
synthetic_rejected,132,0,194733333333,2891,2893,183,181300000000,187366666667,60,13,42,33,1,2,13,0.0,0
synthetic_rejected,132,1,194733333333,2892,2893,624,181300000000,187800000000,60,7,65,53,0,2,16,0.0,0
synthetic_rejected,135,0,194733333333,2905,2906,4113,44533333333,194733333333,47,9,1304,336,61,9,178,1.36763,0
synthetic_rejected,136,0,194733333333,2908,2909,14100,136166666667,188666666667,122,44,1500,1428,0,0,4700,0.0,0
synthetic_rejected,141,0,194733333333,2911,2912,2361,47700000000,0,0,267,432,305,305,47,47,161.914,1
synthetic_rejected,142,0,194733333333,2914,2915,2244,47066666667,0,0,226,393,291,291,38,38,169.812,1
synthetic_rejected,143,0,194733333333,2917,2918,2199,47766666667,0,0,275,460,298,298,50,50,148.568,1
synthetic_rejected,144,0,194733333333,2920,2921,1953,47133333333,0,0,302,387,206,206,51,51,122.074,1
synthetic_rejected,145,0,194733333333,2923,2924,99,47166666667,0,0,48,32,13,13,8,8,0.0,0
synthetic_rejected,146,0,194733333333,2926,2927,60,47800000000,0,0,24,20,11,11,5,5,0.0,0
synthetic_rejected,148,0,194733333333,2929,2930,543,174000000000,0,0,0,0,0,0,0,181,0.0,0
synthetic_rejected,149,0,194733333333,2932,2933,1248,173266666667,186066666667,22,16,37,37,0,0,416,0.0,0
synthetic_rejected,153,0,194733333333,2939,2941,1860,182600000000,187800000000,71,8,567,208,0,4,115,0.0,0
synthetic_rejected,153,1,194733333333,2940,2941,5865,183900000000,187800000000,100,6,860,345,0,2,164,0.0,0
synthetic_rejected,155,0,194733333333,2953,2954,16971,176733333333,0,0,0,1347,1347,2,0,5657,0.0,0
synthetic_rejected,156,0,194733333333,2956,2957,7998,174233333333,188666666667,217,99,448,351,0,0,2666,0.0,0
synthetic_rejected,161,0,194733333333,2963,2965,3219,173500000000,177833333333,304,67,331,0,0,9,42,1.09583,0
synthetic_rejected,161,1,194733333333,2964,2965,1368,178166666667,0,0,0,159,0,0,0,456,0.0,0
synthetic_rejected,162,0,194733333333,2973,2974,2109,178100000000,0,0,0,260,0,0,0,703,0.0,0
synthetic_rejected,163,0,194733333333,2976,2977,3654,176266666667,0,0,0,87,0,0,0,1218,0.0,0
synthetic_rejected,164,0,194733333333,2979,2980,4329,176533333333,0,0,0,467,467,2,0,1443,0.0,0
synthetic_rejected,165,0,194733333333,2982,2983,1371,48166666667,0,0,90,350,268,128,30,42,20.9228,1
synthetic_rejected,166,0,194733333333,2985,2986,1797,44733333333,0,0,294,496,252,184,50,57,29.8954,1
synthetic_rejected,167,0,194733333333,2988,2990,4998,173500000000,177833333333,394,125,415,0,0,11,55,3.85597,0
synthetic_rejected,167,1,194733333333,2989,2990,2019,178000000000,0,0,0,244,0,0,0,673,0.0,0
synthetic_rejected,171,0,194733333333,2998,2999,2904,178700000000,192133333333,1154,159,823,801,14,3,108,0.0,0
synthetic_rejected,172,0,194733333333,3005,3006,4662,49200000000,193866666667,235,16,916,649,12,8,149,0.0,0
synthetic_rejected,173,0,194733333333,3008,3009,858,175600000000,0,0,0,244,244,0,0,286,0.0,0
synthetic_rejected,174,0,194733333333,3011,3012,780,176000000000,0,0,0,227,227,2,0,260,0.0,0
synthetic_rejected,175,0,194733333333,3014,3015,666,175866666667,0,0,0,201,201,1,0,222,0.0,0
synthetic_rejected,180,0,194733333333,3017,3019,264,183900000000,187366666667,88,10,74,66,0,2,15,0.0,0
synthetic_rejected,180,1,194733333333,3018,3019,1140,183900000000,187366666667,119,37,143,125,0,5,29,0.0,0
synthetic_rejected,205,0,194733333333,3031,3033,1080,183900000000,185633333333,3,2,128,108,18,0,360,0.245204,0
synthetic_rejected,205,1,194733333333,3032,3033,318,183900000000,189100000000,74,13,77,69,2,3,13,0.0,0
synthetic_rejected,1,0,205566666667,3381,3382,810,186933333333,0,0,0,88,0,0,0,270,0.0,0
synthetic_rejected,2,0,205566666667,3384,3386,3864,184766666667,0,0,1,708,0,0,1,67,0.428137,0
synthetic_rejected,2,1,205566666667,3385,3386,156,185200000000,0,0,0,21,0,0,0,52,0.0,0
synthetic_rejected,3,0,205566666667,3394,3396,567,186933333333,0,0,0,116,0,0,0,189,3.93482,0
synthetic_rejected,3,1,205566666667,3395,3396,750,187066666667,0,0,0,82,0,0,0,250,0.0,0
synthetic_rejected,5,0,205566666667,3404,3406,24951,186066666667,0,0,0,1492,0,0,0,8317,0.0,0
synthetic_rejected,5,1,205566666667,3405,3406,7764,186200000000,0,0,0,675,0,0,0,2588,0.0,0
synthetic_rejected,21,0,205566666667,3414,3415,252,188666666667,0,0,0,60,0,0,0,84,0.0,0
synthetic_rejected,48,0,205566666667,3417,3418,13992,188666666667,192133333333,1657,181,920,0,0,5,292,0.0,0
synthetic_rejected,51,0,205566666667,3424,3425,38454,191700000000,196033333333,390,32,1500,637,0,0,12818,0.0,0
synthetic_rejected,52,0,205566666667,3427,3429,66783,185200000000,0,0,0,1399,0,0,0,22261,1.60145,0
synthetic_rejected,52,1,205566666667,3428,3429,23520,185400000000,0,0,0,455,0,0,0,7840,0.0,0
synthetic_rejected,54,0,205566666667,3437,3439,7659,185200000000,0,0,0,1331,0,0,0,2553,0.0,0
synthetic_rejected,54,1,205566666667,3438,3439,1686,185433333333,0,0,0,272,0,0,0,562,0.0,0
synthetic_rejected,55,0,205566666667,3447,3448,8895,194300000000,0,0,0,1431,0,0,0,2965,1.44146,0
synthetic_rejected,56,0,205566666667,3450,3452,83787,187800000000,190833333333,2697,117,1331,0,0,25,1527,0.0,0
synthetic_rejected,56,1,205566666667,3451,3452,75822,190833333333,0,0,0,196,0,0,0,25274,0.0,0
synthetic_rejected,57,0,205566666667,3464,3466,12795,187800000000,0,0,0,1455,0,0,0,4265,0.0,0
synthetic_rejected,57,1,205566666667,3465,3466,24909,188000000000,0,0,0,647,0,0,0,8303,0.0,0
synthetic_rejected,68,0,205566666667,3474,3475,11922,178033333333,0,0,0,516,0,0,0,3974,0.0,0
synthetic_rejected,69,0,205566666667,3477,3478,5631,189900000000,0,0,0,629,0,0,0,1877,0.0,0
synthetic_rejected,70,0,205566666667,3480,3481,5250,188000000000,0,0,0,479,0,0,0,1750,0.0,0
synthetic_rejected,71,0,205566666667,3483,3484,4812,187500000000,0,0,0,466,0,0,0,1604,0.0,0
synthetic_rejected,72,0,205566666667,3486,3487,3819,183900000000,184333333333,6,1082,467,0,0,118,119,0.0,0
synthetic_rejected,77,0,205566666667,3496,3498,5778,185633333333,0,0,0,992,0,0,0,1926,0.0,0
synthetic_rejected,77,1,205566666667,3497,3498,2463,185900000000,0,0,0,301,0,0,0,821,0.0,0
synthetic_rejected,88,0,205566666667,3506,3507,1419,186066666667,0,0,0,305,0,0,0,473,0.0,0
synthetic_rejected,89,0,205566666667,3509,3510,24771,189966666667,0,0,0,609,0,0,0,8257,0.0,0
synthetic_rejected,108,0,205566666667,3512,3514,6105,170466666667,0,0,13,1093,0,0,1,136,0.0,0
synthetic_rejected,108,1,205566666667,3513,3514,855,170466666667,0,0,0,101,0,0,0,285,0.0,0
synthetic_rejected,109,0,205566666667,3522,3524,39831,191700000000,0,0,0,934,0,0,0,13277,0.0,0
synthetic_rejected,109,1,205566666667,3523,3524,19956,191700000000,0,0,0,352,0,0,0,6652,0.0,0
synthetic_rejected,112,0,205566666667,3532,3534,17250,186500000000,0,0,0,1439,0,0,0,5750,0.0,0
synthetic_rejected,112,1,205566666667,3533,3534,23454,186733333333,0,0,0,528,0,0,0,7818,0.0,0
synthetic_rejected,121,0,205566666667,3542,3543,438,49166666667,0,0,11,115,0,0,5,12,0.101628,0
synthetic_rejected,126,0,205566666667,3545,3546,531,176366666667,0,0,0,105,0,0,0,177,0.0,0
synthetic_rejected,128,0,205566666667,3548,3550,237,189966666667,0,0,0,54,0,0,0,79,3.97178,0
synthetic_rejected,128,1,205566666667,3549,3550,390,190000000000,0,0,0,46,46,1,0,130,0.0,0
synthetic_rejected,132,0,205566666667,3558,3560,183,187366666667,0,0,0,41,0,0,0,61,0.0,0
synthetic_rejected,132,1,205566666667,3559,3560,798,187800000000,0,0,0,65,0,0,0,266,0.0,0
synthetic_rejected,135,0,205566666667,3568,3569,4113,194733333333,198633333333,66,31,1243,763,6,0,1371,0.0553624,0
synthetic_rejected,136,0,205566666667,3571,3572,14100,188666666667,192566666667,941,121,1500,0,0,14,205,0.0,0
synthetic_rejected,145,0,205566666667,3574,3575,99,47166666667,0,0,152,32,20,20,8,8,0.0,0
synthetic_rejected,146,0,205566666667,3577,3578,60,47800000000,0,0,60,20,13,13,5,5,0.0,0
synthetic_rejected,148,0,205566666667,3580,3581,543,174000000000,0,0,0,0,0,0,0,181,0.0,0
synthetic_rejected,149,0,205566666667,3583,3584,1698,186366666667,0,0,0,37,0,0,0,566,0.0,0
synthetic_rejected,153,0,205566666667,3586,3588,1860,187800000000,0,0,0,567,0,0,0,620,0.0,0
synthetic_rejected,153,1,205566666667,3587,3588,7050,187866666667,0,0,0,860,0,0,0,2350,0.0,0
synthetic_rejected,155,0,205566666667,3596,3597,16971,176733333333,0,0,0,1328,0,0,0,5657,0.0,0
synthetic_rejected,156,0,205566666667,3599,3600,10572,190366666667,0,0,0,391,0,0,0,3524,0.0,0
synthetic_rejected,161,0,205566666667,3602,3604,3219,177833333333,0,0,0,331,0,0,0,1073,1.09583,0
synthetic_rejected,161,1,205566666667,3603,3604,1368,178166666667,0,0,0,159,0,0,0,456,0.0,0
synthetic_rejected,162,0,205566666667,3612,3613,2109,178100000000,0,0,0,260,0,0,0,703,0.0,0
synthetic_rejected,163,0,205566666667,3615,3616,3654,176266666667,0,0,0,87,0,0,0,1218,0.0,0
synthetic_rejected,164,0,205566666667,3618,3619,4329,176533333333,0,0,0,429,0,0,0,1443,0.0,0
synthetic_rejected,167,0,205566666667,3621,3623,4998,177833333333,0,0,0,415,0,0,0,1666,3.85597,0
synthetic_rejected,167,1,205566666667,3622,3623,2019,178000000000,0,0,0,244,0,0,0,673,0.0,0
synthetic_rejected,171,0,205566666667,3631,3632,5874,192133333333,0,0,0,805,0,0,0,1958,0.0,0
synthetic_rejected,172,0,205566666667,3634,3635,4662,193866666667,202966666667,71,4,892,218,0,4,149,0.0,0
synthetic_rejected,173,0,205566666667,3637,3638,858,175600000000,0,0,0,243,0,0,0,286,0.0,0
synthetic_rejected,174,0,205566666667,3640,3641,780,176000000000,0,0,0,220,0,0,0,260,0.0,0
synthetic_rejected,175,0,205566666667,3643,3644,666,175866666667,0,0,0,197,0,0,0,222,0.0,0
synthetic_rejected,180,0,205566666667,3646,3648,264,187366666667,0,0,0,73,0,0,0,88,0.0,0
synthetic_rejected,180,1,205566666667,3647,3648,1404,187500000000,0,0,0,143,0,0,0,468,0.0,0
synthetic_rejected,205,0,205566666667,3656,3658,1080,185633333333,189100000000,98,31,109,0,0,7,21,0.245204,0
synthetic_rejected,205,1,205566666667,3657,3658,669,189400000000,0,0,0,74,0,0,0,223,0.0,0
synthetic_rejected,1,0,216400000000,3887,3888,810,186933333333,0,0,0,88,0,0,0,270,0.0,0
synthetic_rejected,2,0,216400000000,3890,3892,3864,184766666667,0,0,1,708,0,0,1,67,0.428137,0
synthetic_rejected,2,1,216400000000,3891,3892,156,185200000000,0,0,0,21,0,0,0,52,0.0,0
synthetic_rejected,3,0,216400000000,3900,3902,567,186933333333,0,0,0,116,0,0,0,189,3.93482,0
synthetic_rejected,3,1,216400000000,3901,3902,750,187066666667,0,0,0,82,0,0,0,250,0.0,0
synthetic_rejected,5,0,216400000000,3910,3912,24951,186066666667,0,0,0,1492,0,0,0,8317,0.0,0
synthetic_rejected,5,1,216400000000,3911,3912,7764,186200000000,0,0,0,675,0,0,0,2588,0.0,0
synthetic_rejected,7,0,216400000000,3920,3921,12576,202100000000,205133333333,36,28,1346,1346,1,0,4192,0.0,0
synthetic_rejected,21,0,216400000000,3927,3928,252,188666666667,0,0,0,60,0,0,0,84,0.0,0
synthetic_rejected,48,0,216400000000,3930,3931,19605,192300000000,0,0,0,826,0,0,0,6535,0.0,0
synthetic_rejected,49,0,216400000000,3933,3934,1905,201000000000,215533333333,139,1,509,509,0,0,83,0.0,0
synthetic_rejected,50,0,216400000000,3940,3941,1584,204266666667,206000000000,22,17,446,446,4,0,528,0.0,0
synthetic_rejected,51,0,216400000000,3947,3949,38454,196033333333,216400000000,5726,87,1500,1233,3,30,934,0.0,0
synthetic_rejected,51,1,216400000000,3948,3949,13098,200466666667,216400000000,2762,0,1340,1340,0,0,490,0.0,0
synthetic_rejected,52,0,216400000000,3961,3963,66783,185200000000,0,0,0,1399,0,0,0,22261,1.60145,0
synthetic_rejected,52,1,216400000000,3962,3963,23520,185400000000,0,0,0,455,0,0,0,7840,0.0,0
synthetic_rejected,54,0,216400000000,3971,3973,7659,185200000000,0,0,0,1331,0,0,0,2553,0.0,0
synthetic_rejected,54,1,216400000000,3972,3973,1686,185433333333,0,0,0,272,0,0,0,562,0.0,0
synthetic_rejected,55,0,216400000000,3981,3983,8895,194300000000,214233333333,420,1184,1431,828,383,105,190,20.5054,1
synthetic_rejected,55,1,216400000000,3982,3983,2010,194600000000,203400000000,3,0,464,464,3,0,670,0.0,0
synthetic_rejected,56,0,216400000000,3990,3992,83787,190833333333,216400000000,1166,24,1331,126,0,3,1527,0.0,0
synthetic_rejected,56,1,216400000000,3991,3992,75822,190833333333,216400000000,1167,0,269,107,0,0,1367,0.0,0
synthetic_rejected,57,0,216400000000,4004,4006,12795,187800000000,0,0,0,1455,0,0,0,4265,0.0,0
synthetic_rejected,57,1,216400000000,4005,4006,24909,188000000000,0,0,0,647,0,0,0,8303,0.0,0
synthetic_rejected,68,0,216400000000,4014,4015,11922,178033333333,0,0,0,516,0,0,0,3974,0.0,0
synthetic_rejected,69,0,216400000000,4017,4018,5631,189900000000,0,0,0,629,0,0,0,1877,0.0,0
synthetic_rejected,70,0,216400000000,4020,4021,5250,188000000000,0,0,0,479,0,0,0,1750,0.0,0
synthetic_rejected,71,0,216400000000,4023,4024,4812,187500000000,0,0,0,466,0,0,0,1604,0.0,0
synthetic_rejected,72,0,216400000000,4026,4027,3819,184333333333,0,0,972,467,0,0,118,119,0.0,0
synthetic_rejected,77,0,216400000000,4032,4034,5778,185633333333,0,0,0,992,0,0,0,1926,0.0,0
synthetic_rejected,77,1,216400000000,4033,4034,2463,185900000000,0,0,0,301,0,0,0,821,0.0,0
synthetic_rejected,88,0,216400000000,4042,4043,1419,186066666667,0,0,0,305,0,0,0,473,0.0,0
synthetic_rejected,89,0,216400000000,4045,4046,24771,189966666667,0,0,0,609,0,0,0,8257,0.0,0
synthetic_rejected,108,0,216400000000,4048,4050,6105,170466666667,0,0,13,1093,0,0,1,136,0.0,0
synthetic_rejected,108,1,216400000000,4049,4050,855,170466666667,0,0,0,101,0,0,0,285,0.0,0
synthetic_rejected,109,0,216400000000,4058,4060,39831,191700000000,0,0,0,934,0,0,0,13277,0.0,0
synthetic_rejected,109,1,216400000000,4059,4060,21780,191800000000,0,0,0,291,0,0,0,7260,0.0,0
synthetic_rejected,112,0,216400000000,4090,4092,17250,186500000000,216400000000,166,0,1439,61,0,0,458,0.0,0
synthetic_rejected,112,1,216400000000,4091,4092,23454,186733333333,216400000000,149,3,577,77,0,1,516,0.0,0
synthetic_rejected,121,0,216400000000,4104,4105,438,49166666667,0,0,47,115,58,13,7,12,2.29017,0
synthetic_rejected,126,0,216400000000,4107,4108,531,176366666667,0,0,0,105,0,0,0,177,0.0,0
synthetic_rejected,128,0,216400000000,4110,4112,237,189966666667,0,0,0,54,0,0,0,79,3.97178,0
synthetic_rejected,128,1,216400000000,4111,4112,390,190000000000,0,0,0,44,0,0,0,130,0.0,0
synthetic_rejected,132,0,216400000000,4120,4122,183,187366666667,0,0,0,41,0,0,0,61,0.0,0
synthetic_rejected,132,1,216400000000,4121,4122,798,187800000000,0,0,0,65,0,0,0,266,0.0,0
synthetic_rejected,135,0,216400000000,4130,4131,4113,198633333333,216400000000,1062,111,1237,1054,45,12,178,0.0,0
synthetic_rejected,136,0,216400000000,4133,4135,14100,192566666667,0,0,0,1500,0,0,0,4700,0.0,0
synthetic_rejected,136,1,216400000000,4134,4135,3864,192866666667,0,0,0,939,939,0,0,1288,0.0,0
synthetic_rejected,142,0,216400000000,4143,4144,723,201566666667,215533333333,211,8,214,214,0,1,28,0.0,0
synthetic_rejected,144,0,216400000000,4150,4151,780,201500000000,215533333333,187,17,206,206,0,2,41,0.0,0
synthetic_rejected,145,0,216400000000,4157,4158,99,47166666667,0,0,153,32,3,3,8,8,0.0,0
synthetic_rejected,146,0,216400000000,4160,4161,60,47800000000,0,0,67,20,9,9,5,5,0.0,0
synthetic_rejected,148,0,216400000000,4163,4164,543,174000000000,0,0,0,0,0,0,0,181,0.0,0
synthetic_rejected,149,0,216400000000,4166,4167,1698,186366666667,0,0,0,37,0,0,0,566,0.0,0
synthetic_rejected,153,0,216400000000,4169,4171,1860,187800000000,0,0,0,567,0,0,0,620,0.0,0
synthetic_rejected,153,1,216400000000,4170,4171,7050,187866666667,0,0,0,860,0,0,0,2350,0.0,0
synthetic_rejected,155,0,216400000000,4179,4180,16971,176733333333,0,0,0,1328,0,0,0,5657,0.0,0
synthetic_rejected,156,0,216400000000,4182,4183,10572,190366666667,0,0,0,391,0,0,0,3524,0.0,0
synthetic_rejected,161,0,216400000000,4185,4187,3219,177833333333,0,0,0,331,0,0,0,1073,1.09583,0
synthetic_rejected,161,1,216400000000,4186,4187,1368,178166666667,0,0,0,159,0,0,0,456,0.0,0
synthetic_rejected,162,0,216400000000,4195,4196,2109,178100000000,0,0,0,260,0,0,0,703,0.0,0
synthetic_rejected,163,0,216400000000,4198,4199,3654,176266666667,0,0,0,87,0,0,0,1218,0.0,0
synthetic_rejected,164,0,216400000000,4201,4202,4329,176533333333,0,0,0,429,0,0,0,1443,0.0,0
synthetic_rejected,165,0,216400000000,4204,4205,951,200833333333,216400000000,146,61,210,210,6,11,37,0.0,0
synthetic_rejected,167,0,216400000000,4211,4213,4998,177833333333,0,0,0,415,0,0,0,1666,3.85597,0
synthetic_rejected,167,1,216400000000,4212,4213,2019,178000000000,0,0,0,244,0,0,0,673,0.0,0
synthetic_rejected,171,0,216400000000,4221,4222,8625,192233333333,0,0,0,805,0,0,0,2875,0.0,0
synthetic_rejected,172,0,216400000000,4224,4225,4662,202966666667,213366666667,748,64,892,836,0,13,149,0.0,0
synthetic_rejected,173,0,216400000000,4227,4228,858,175600000000,0,0,0,243,0,0,0,286,0.0,0
synthetic_rejected,174,0,216400000000,4230,4231,780,176000000000,0,0,0,220,0,0,0,260,0.0,0
synthetic_rejected,175,0,216400000000,4233,4234,666,175866666667,0,0,0,197,0,0,0,222,0.0,0
synthetic_rejected,180,0,216400000000,4236,4238,264,187366666667,0,0,0,73,0,0,0,88,0.0,0
synthetic_rejected,180,1,216400000000,4237,4238,1404,187500000000,0,0,0,143,0,0,0,468,0.0,0
synthetic_rejected,205,0,216400000000,4246,4248,1080,189100000000,0,0,0,109,0,0,0,360,0.245204,0
synthetic_rejected,205,1,216400000000,4247,4248,669,189400000000,0,0,0,74,0,0,0,223,0.0,0
synthetic_rejected,1,0,227233333333,4473,4474,810,186933333333,227233333333,110,1,89,77,0,0,30,0.0,0
synthetic_rejected,2,0,227233333333,4480,4482,3864,184766666667,222466666667,1,0,708,272,0,0,1288,0.0535056,0
synthetic_rejected,2,1,227233333333,4481,4482,156,185200000000,222466666667,1,1,27,25,0,0,52,0.0,0
synthetic_rejected,3,0,227233333333,4494,4496,567,186933333333,227233333333,48,17,116,93,1,4,14,3.93482,0
synthetic_rejected,3,1,227233333333,4495,4496,750,187066666667,227233333333,46,1,88,86,2,1,10,0.0,0
synthetic_rejected,5,0,227233333333,4508,4510,24951,186066666667,0,0,0,1492,0,0,0,8317,0.0,0
synthetic_rejected,5,1,227233333333,4509,4510,7764,186200000000,0,0,0,675,0,0,0,2588,0.0,0
synthetic_rejected,7,0,227233333333,4518,4519,22233,212500000000,218133333333,2293,100,384,45,0,24,688,0.0,0
synthetic_rejected,21,0,227233333333,4525,4526,252,188666666667,0,0,0,60,0,0,0,84,0.0,0
synthetic_rejected,48,0,227233333333,4528,4529,19605,192300000000,0,0,0,826,0,0,0,6535,0.0,0
synthetic_rejected,49,0,227233333333,4531,4532,1905,215533333333,218566666667,84,9,502,279,0,4,83,0.0,0
synthetic_rejected,50,0,227233333333,4538,4539,1584,206000000000,214233333333,229,59,421,0,0,9,65,0.0,0
synthetic_rejected,51,0,227233333333,4545,4547,38454,216400000000,216833333333,223,0,1494,1335,4,0,12818,0.0,0
synthetic_rejected,51,1,227233333333,4546,4547,13098,216400000000,216833333333,161,0,1356,1147,3,0,4366,0.0,0
synthetic_rejected,52,0,227233333333,4559,4561,66783,185200000000,224633333333,3028,122,1399,1128,43,26,736,1.18262,0
synthetic_rejected,52,1,227233333333,4560,4561,23520,185400000000,224633333333,2225,127,1209,1175,8,24,492,0.0,0
synthetic_rejected,54,0,227233333333,4573,4575,7659,185200000000,222466666667,6,1,1331,641,13,0,2553,0.0,0
synthetic_rejected,54,1,227233333333,4574,4575,1686,185433333333,222466666667,6,0,284,242,0,0,562,0.0,0
synthetic_rejected,55,0,227233333333,4587,4588,3288,203500000000,214233333333,494,46,109,0,0,8,104,0.0,0
synthetic_rejected,56,0,227233333333,4594,4596,83787,216400000000,222900000000,273,27,1331,126,0,0,27929,0.0,0
synthetic_rejected,56,1,227233333333,4595,4596,75822,216400000000,222466666667,270,2,269,107,0,0,25274,0.0,0
synthetic_rejected,57,0,227233333333,4608,4610,12795,187800000000,223333333333,5,0,1455,1376,0,0,4265,0.0,0
synthetic_rejected,57,1,227233333333,4609,4610,24909,188000000000,223333333333,7,7,1112,1103,0,0,8303,0.0,0
synthetic_rejected,68,0,227233333333,4622,4623,11922,178033333333,0,0,0,516,0,0,0,3974,0.0,0
synthetic_rejected,69,0,227233333333,4625,4626,5631,189900000000,223766666667,152,26,680,400,17,12,116,0.0,0
synthetic_rejected,70,0,227233333333,4632,4633,5250,188000000000,0,0,758,479,327,322,117,119,214.846,1
synthetic_rejected,71,0,227233333333,4636,4637,4812,187500000000,0,0,810,466,328,324,105,105,220.376,1
synthetic_rejected,72,0,227233333333,4640,4641,5406,190333333333,223333333333,218,20,240,240,0,8,100,0.0,0
synthetic_rejected,77,0,227233333333,4647,4649,5778,185633333333,0,0,0,992,0,0,0,1926,0.0,0
synthetic_rejected,77,1,227233333333,4648,4649,2463,185900000000,0,0,0,301,0,0,0,821,0.0,0
synthetic_rejected,88,0,227233333333,4657,4658,1419,186066666667,0,0,0,305,0,0,0,473,0.0,0
synthetic_rejected,89,0,227233333333,4660,4661,24771,189966666667,0,0,2298,609,247,228,425,457,72.1991,1
synthetic_rejected,108,0,227233333333,4664,4666,6105,170466666667,0,0,13,1093,0,0,1,136,0.0,0
synthetic_rejected,108,1,227233333333,4665,4666,855,170466666667,0,0,0,101,0,0,0,285,0.0,0
synthetic_rejected,109,0,227233333333,4674,4676,39831,191700000000,0,0,0,934,0,0,0,13277,0.0,0
synthetic_rejected,109,1,227233333333,4675,4676,21780,191800000000,0,0,0,291,0,0,0,7260,0.0,0
synthetic_rejected,112,0,227233333333,4684,4686,17250,216400000000,223333333333,236,1,1439,1229,0,0,5750,0.0,0
synthetic_rejected,112,1,227233333333,4685,4686,23454,216400000000,223333333333,244,19,1261,1186,2,0,7818,0.0,0
synthetic_rejected,121,0,227233333333,4698,4699,438,49166666667,0,0,47,115,0,0,7,12,2.29017,0
synthetic_rejected,126,0,227233333333,4701,4702,531,176366666667,0,0,0,105,0,0,0,177,0.0,0
synthetic_rejected,128,0,227233333333,4704,4706,237,189966666667,0,0,0,54,0,0,0,79,3.97178,0
synthetic_rejected,128,1,227233333333,4705,4706,390,190000000000,0,0,0,44,0,0,0,130,0.0,0
synthetic_rejected,132,0,227233333333,4714,4716,183,187366666667,227233333333,25,1,41,30,0,0,13,0.0,0
synthetic_rejected,132,1,227233333333,4715,4716,798,187800000000,227233333333,35,1,65,52,0,0,18,0.0,0
synthetic_rejected,135,0,227233333333,4728,4730,4113,216400000000,217700000000,158,8,1188,728,2,8,178,0.0,0
synthetic_rejected,135,1,227233333333,4729,4730,621,208033333333,217266666667,176,14,178,178,6,5,43,0.0,0
synthetic_rejected,136,0,227233333333,4742,4744,14100,192566666667,221600000000,441,18,1500,1055,22,9,205,0.0,0
synthetic_rejected,136,1,227233333333,4743,4744,3864,192866666667,221600000000,441,0,996,904,0,0,202,0.0,0
synthetic_rejected,141,0,227233333333,4756,4757,840,206866666667,215100000000,349,56,212,212,0,6,40,0.0,0
synthetic_rejected,142,0,227233333333,4763,4764,723,215533333333,0,0,0,195,2,0,0,241,0.0,0
synthetic_rejected,143,0,227233333333,4766,4767,921,207300000000,215100000000,123,12,234,234,2,5,49,0.0,0
synthetic_rejected,144,0,227233333333,4773,4774,780,215533333333,217700000000,14,1,176,44,0,1,41,0.0,0
synthetic_rejected,145,0,227233333333,4780,4781,99,47166666667,0,0,153,32,0,0,8,8,0.0,0
synthetic_rejected,146,0,227233333333,4783,4784,60,47800000000,0,0,67,20,0,0,5,5,0.0,0
synthetic_rejected,148,0,227233333333,4786,4787,543,174000000000,0,0,0,0,0,0,0,181,0.0,0
synthetic_rejected,149,0,227233333333,4789,4790,1698,186366666667,0,0,0,37,0,0,0,566,0.0,0
synthetic_rejected,153,0,227233333333,4792,4794,1860,187800000000,0,0,237,567,385,385,115,115,149.194,1
synthetic_rejected,153,1,227233333333,4793,4794,7050,187866666667,0,0,305,860,572,536,158,164,67.8697,1
synthetic_rejected,155,0,227233333333,4798,4799,16971,176733333333,0,0,0,1328,0,0,0,5657,0.0,0
synthetic_rejected,156,0,227233333333,4801,4802,10572,190366666667,0,0,0,391,0,0,0,3524,0.0,0
synthetic_rejected,161,0,227233333333,4804,4806,3219,177833333333,0,0,0,331,0,0,0,1073,1.09583,0
synthetic_rejected,161,1,227233333333,4805,4806,1368,178166666667,0,0,0,159,0,0,0,456,0.0,0
synthetic_rejected,162,0,227233333333,4814,4815,2109,178100000000,0,0,0,260,0,0,0,703,0.0,0
synthetic_rejected,163,0,227233333333,4817,4818,3654,176266666667,0,0,0,87,0,0,0,1218,0.0,0
synthetic_rejected,164,0,227233333333,4820,4821,4329,176533333333,0,0,0,429,0,0,0,1443,0.0,0
synthetic_rejected,165,0,227233333333,4823,4824,951,216400000000,218133333333,104,32,187,141,1,8,37,0.0,0
synthetic_rejected,166,0,227233333333,4830,4831,1035,206433333333,215100000000,306,43,268,268,20,7,40,0.748684,0
synthetic_rejected,167,0,227233333333,4837,4839,4998,177833333333,0,0,0,415,0,0,0,1666,3.85597,0
synthetic_rejected,167,1,227233333333,4838,4839,2019,178000000000,0,0,0,244,0,0,0,673,0.0,0
synthetic_rejected,171,0,227233333333,4847,4848,8625,192233333333,0,0,0,805,0,0,0,2875,0.0,0
synthetic_rejected,172,0,227233333333,4850,4851,4662,213366666667,0,0,0,892,0,0,0,1554,0.0,0
synthetic_rejected,173,0,227233333333,4853,4854,858,175600000000,0,0,0,243,0,0,0,286,0.0,0
synthetic_rejected,174,0,227233333333,4856,4857,780,176000000000,0,0,0,220,0,0,0,260,0.0,0
synthetic_rejected,175,0,227233333333,4859,4860,666,175866666667,0,0,0,197,0,0,0,222,0.0,0
synthetic_rejected,180,0,227233333333,4862,4864,264,187366666667,227233333333,44,3,73,71,0,1,15,0.0,0
synthetic_rejected,180,1,227233333333,4863,4864,1404,187500000000,227233333333,63,12,151,138,0,4,29,0.0,0
synthetic_rejected,205,0,227233333333,4876,4878,1080,189100000000,0,0,0,109,0,0,0,360,0.245204,0
synthetic_rejected,205,1,227233333333,4877,4878,669,189400000000,0,0,0,74,0,0,0,223,0.0,0
synthetic_rejected,1,0,238066666667,5222,5223,810,227233333333,231566666667,254,10,91,91,0,1,30,0.0,0
synthetic_rejected,2,0,238066666667,5229,5231,3864,222466666667,232433333333,137,26,701,85,0,5,67,0.0,0
synthetic_rejected,2,1,238066666667,5230,5231,156,222466666667,225500000000,35,0,25,0,0,0,10,0.0,0
synthetic_rejected,3,0,238066666667,5243,5245,567,227233333333,231133333333,95,29,115,104,0,2,14,3.93482,0
synthetic_rejected,3,1,238066666667,5244,5245,750,227233333333,231133333333,88,1,88,88,1,0,10,0.0,0
synthetic_rejected,5,0,238066666667,5257,5259,24951,186066666667,0,0,0,1492,0,0,0,8317,0.0,0
synthetic_rejected,5,1,238066666667,5258,5259,7764,186200000000,0,0,0,675,0,0,0,2588,0.0,0
synthetic_rejected,7,0,238066666667,5267,5268,29805,218200000000,0,0,0,347,0,0,0,9935,0.0,0
synthetic_rejected,21,0,238066666667,5270,5271,252,188666666667,0,0,0,60,0,0,0,84,0.0,0
synthetic_rejected,48,0,238066666667,5273,5274,19605,192300000000,0,0,560,826,83,75,292,297,9.25265,1
synthetic_rejected,49,0,238066666667,5277,5278,2793,218666666667,0,0,0,502,0,0,0,931,0.0,0
synthetic_rejected,50,0,238066666667,5280,5281,3006,214466666667,0,0,0,421,0,0,0,1002,0.0,0
synthetic_rejected,51,0,238066666667,5283,5285,38454,216833333333,220733333333,2613,8,1480,0,0,2,934,0.0,0
synthetic_rejected,51,1,238066666667,5284,5285,48987,220766666667,0,0,0,261,0,0,0,16329,0.0,0
synthetic_rejected,52,0,238066666667,5293,5295,66783,224633333333,234600000000,770,307,1352,1194,20,0,22261,1.07038,0
synthetic_rejected,52,1,238066666667,5294,5295,23520,224633333333,234600000000,710,178,1343,1305,5,0,7840,0.0,0
synthetic_rejected,54,0,238066666667,5307,5309,7659,222466666667,232433333333,468,37,1311,109,4,9,198,0.0,0
synthetic_rejected,54,1,238066666667,5308,5309,1686,222466666667,225500000000,217,0,284,0,0,0,55,0.0,0
synthetic_rejected,55,0,238066666667,5321,5322,7698,214333333333,0,0,0,183,0,0,0,2566,0.0,0
synthetic_rejected,56,0,238066666667,5324,5326,83787,222900000000,236333333333,153,23,1331,111,0,10,1527,0.0,0
synthetic_rejected,56,1,238066666667,5325,5326,78018,223000000000,236333333333,177,0,212,19,0,0,1367,0.0,0
synthetic_rejected,57,0,238066666667,5338,5340,12795,223333333333,227666666667,555,11,1455,1374,0,0,4265,0.0,0
synthetic_rejected,57,1,238066666667,5339,5340,24909,223333333333,227666666667,656,182,1287,1260,0,0,8303,0.0,0
synthetic_rejected,68,0,238066666667,5352,5353,11922,178033333333,0,0,341,516,79,54,95,225,15.6552,1
synthetic_rejected,69,0,238066666667,5356,5357,5631,223766666667,235033333333,418,198,973,693,10,0,1877,0.0,0
synthetic_rejected,72,0,238066666667,5363,5364,7476,223700000000,235033333333,51,37,619,577,26,0,2492,0.0,0
synthetic_rejected,77,0,238066666667,5370,5372,5778,185633333333,0,0,0,992,0,0,0,1926,0.0,0
synthetic_rejected,77,1,238066666667,5371,5372,2463,185900000000,0,0,0,301,0,0,0,821,0.0,0
synthetic_rejected,88,0,238066666667,5380,5381,1419,186066666667,0,0,0,305,0,0,0,473,0.0,0
synthetic_rejected,108,0,238066666667,5383,5385,6105,170466666667,237200000000,66,44,1093,130,8,7,136,0.0,0
synthetic_rejected,108,1,238066666667,5384,5385,855,170466666667,237200000000,68,21,124,108,0,2,39,0.0,0
synthetic_rejected,109,0,238066666667,5397,5399,39831,191700000000,236766666667,604,145,934,488,28,75,467,0.0,0
synthetic_rejected,109,1,238066666667,5398,5399,21780,191800000000,236766666667,605,240,331,217,10,122,495,0.0,0
synthetic_rejected,112,0,238066666667,5411,5413,17250,223333333333,226800000000,476,0,1438,1360,2,0,5750,0.0,0
synthetic_rejected,112,1,238066666667,5412,5413,32289,225933333333,226800000000,5,0,1369,1350,1,0,10763,0.0,0
synthetic_rejected,121,0,238066666667,5425,5427,438,49166666667,0,0,47,115,0,0,7,12,2.29017,0
synthetic_rejected,121,1,238066666667,5426,5427,207,213366666667,0,0,0,24,24,0,0,69,0.0,0
synthetic_rejected,126,0,238066666667,5435,5436,531,176366666667,237200000000,85,31,109,97,0,7,24,0.0,0
synthetic_rejected,128,0,238066666667,5442,5444,237,189966666667,0,0,0,54,0,0,0,79,3.97178,0
synthetic_rejected,128,1,238066666667,5443,5444,390,190000000000,0,0,0,44,0,0,0,130,0.0,0
synthetic_rejected,132,0,238066666667,5452,5454,183,227233333333,227666666667,4,0,41,34,0,0,61,0.0,0
synthetic_rejected,132,1,238066666667,5453,5454,798,227233333333,227666666667,9,0,69,67,0,0,266,0.0,0
synthetic_rejected,135,0,238066666667,5466,5468,4113,217700000000,0,0,0,1186,0,0,0,1371,0.0,0
synthetic_rejected,135,1,238066666667,5467,5468,1809,217833333333,0,0,0,172,0,0,0,603,0.0,0
synthetic_rejected,136,0,238066666667,5476,5478,14100,221600000000,0,0,0,1478,0,0,0,4700,0.0,0
synthetic_rejected,136,1,238066666667,5477,5478,6699,221600000000,0,0,0,996,0,0,0,2233,0.0,0
synthetic_rejected,141,0,238066666667,5486,5487,1452,215433333333,0,0,0,201,0,0,0,484,0.0,0
synthetic_rejected,142,0,238066666667,5489,5490,1134,217866666667,0,0,0,195,0,0,0,378,0.0,0
synthetic_rejected,143,0,238066666667,5492,5493,1314,215300000000,0,0,0,201,0,0,0,438,0.0,0
synthetic_rejected,144,0,238066666667,5495,5496,1047,218033333333,0,0,0,176,0,0,0,349,0.0,0
synthetic_rejected,145,0,238066666667,5498,5499,99,47166666667,0,0,153,32,0,0,8,8,0.0,0
synthetic_rejected,146,0,238066666667,5501,5502,60,47800000000,0,0,67,20,0,0,5,5,0.0,0
synthetic_rejected,148,0,238066666667,5504,5505,543,174000000000,0,0,182,0,0,0,25,25,0.0,0
synthetic_rejected,149,0,238066666667,5507,5508,1698,186366666667,0,0,254,37,4,4,50,62,0.0,0
synthetic_rejected,155,0,238066666667,5510,5511,16971,176733333333,0,0,2504,1328,275,240,375,450,39.3967,1
synthetic_rejected,156,0,238066666667,5514,5515,10572,190366666667,0,0,835,391,49,48,255,370,18.037,1
synthetic_rejected,161,0,238066666667,5518,5520,3219,177833333333,236766666667,115,31,331,260,3,9,42,1.08184,0
synthetic_rejected,161,1,238066666667,5519,5520,1368,178166666667,236766666667,136,11,262,182,2,3,44,0.0,0
synthetic_rejected,162,0,238066666667,5532,5533,2109,178100000000,236766666667,172,83,311,268,11,26,84,0.0,0
synthetic_rejected,163,0,238066666667,5539,5540,3654,176266666667,237200000000,373,43,423,396,1,16,155,0.0,0
synthetic_rejected,164,0,238066666667,5546,5547,4329,176533333333,237200000000,211,25,453,323,14,5,74,0.0,0
synthetic_rejected,165,0,238066666667,5553,5554,1956,218466666667,0,0,0,186,0,0,0,652,0.0,0
synthetic_rejected,166,0,238066666667,5556,5557,1596,215633333333,0,0,0,217,0,0,0,532,0.748684,0
synthetic_rejected,167,0,238066666667,5559,5561,4998,177833333333,236766666667,148,40,415,277,3,11,55,3.84704,0
synthetic_rejected,167,1,238066666667,5560,5561,2019,178000000000,236766666667,133,40,330,230,4,13,54,0.0,0
synthetic_rejected,171,0,238066666667,5573,5574,8625,192233333333,0,0,220,805,76,29,111,119,3.55739,0
synthetic_rejected,172,0,238066666667,5576,5578,4662,213366666667,0,0,0,892,0,0,0,1554,0.0,0
synthetic_rejected,172,1,238066666667,5577,5578,2361,213700000000,0,0,0,738,738,0,0,787,0.0,0
synthetic_rejected,173,0,238066666667,5586,5587,858,175600000000,0,0,378,243,110,110,42,42,225.898,1
synthetic_rejected,174,0,238066666667,5590,5591,780,176000000000,0,0,305,220,82,82,39,39,186.002,1
synthetic_rejected,175,0,238066666667,5594,5595,666,175866666667,0,0,225,197,59,59,31,31,149.455,1
synthetic_rejected,180,0,238066666667,5598,5600,264,227233333333,231133333333,112,2,73,71,0,1,15,0.0,0
synthetic_rejected,180,1,238066666667,5599,5600,1404,227233333333,231133333333,168,28,152,150,0,4,29,0.0,0
synthetic_rejected,205,0,238066666667,5612,5614,1080,189100000000,0,0,0,109,0,0,0,360,0.245204,0
synthetic_rejected,205,1,238066666667,5613,5614,669,189400000000,0,0,0,74,0,0,0,223,0.0,0
synthetic_rejected,1,0,248900000000,5929,5930,1179,231700000000,0,0,0,91,0,0,0,393,0.0,0
synthetic_rejected,2,0,248900000000,5932,5934,3864,232433333333,239366666667,3,0,693,26,0,0,67,0.0,0
synthetic_rejected,2,1,248900000000,5933,5934,948,225533333333,0,0,0,25,0,0,0,316,0.0,0
synthetic_rejected,3,0,248900000000,5944,5946,567,231133333333,0,0,0,115,0,0,0,189,3.93482,0
synthetic_rejected,3,1,248900000000,5945,5946,984,231533333333,0,0,0,86,0,0,0,328,0.0,0
synthetic_rejected,5,0,248900000000,5954,5956,24951,186066666667,0,0,0,1492,0,0,0,8317,0.0,0
synthetic_rejected,5,1,248900000000,5955,5956,7764,186200000000,0,0,0,675,0,0,0,2588,0.0,0
synthetic_rejected,7,0,248900000000,5964,5965,29805,218200000000,0,0,0,347,0,0,0,9935,0.0,0
synthetic_rejected,21,0,248900000000,5967,5968,252,188666666667,0,0,0,60,0,0,0,84,0.0,0
synthetic_rejected,49,0,248900000000,5970,5971,2793,218666666667,0,0,0,502,0,0,0,931,0.0,0
synthetic_rejected,50,0,248900000000,5973,5974,3006,214466666667,0,0,0,421,0,0,0,1002,0.0,0
synthetic_rejected,51,0,248900000000,5976,5978,38454,220733333333,0,0,0,1480,0,0,0,12818,0.0,0
synthetic_rejected,51,1,248900000000,5977,5978,48987,220766666667,0,0,0,261,0,0,0,16329,0.0,0
synthetic_rejected,52,0,248900000000,5986,5988,66783,234600000000,235033333333,20,1,1330,918,0,0,22261,1.07038,0
synthetic_rejected,52,1,248900000000,5987,5988,38511,234600000000,235033333333,8,0,939,892,2,0,12837,0.0,0
synthetic_rejected,54,0,248900000000,6000,6002,7659,232433333333,239366666667,13,1,1307,86,0,1,198,0.0,0
synthetic_rejected,54,1,248900000000,6001,6002,2694,225566666667,0,0,0,284,0,0,0,898,0.0,0
synthetic_rejected,55,0,248900000000,6010,6011,7698,214333333333,0,0,0,183,0,0,0,2566,0.0,0
synthetic_rejected,56,0,248900000000,6013,6015,83787,236333333333,0,0,0,1331,0,0,0,27929,0.0,0
synthetic_rejected,56,1,248900000000,6014,6015,78858,236333333333,0,0,0,199,0,0,0,26286,0.0,0
synthetic_rejected,57,0,248900000000,6023,6025,12795,227666666667,232000000000,2053,0,1455,0,0,0,405,0.0,0
synthetic_rejected,57,1,248900000000,6024,6025,36087,232200000000,0,0,0,814,0,0,0,12029,0.0,0
synthetic_rejected,69,0,248900000000,6033,6034,7047,235033333333,238500000000,429,208,1011,742,8,0,2349,0.0,0
synthetic_rejected,70,0,248900000000,6040,6041,2265,225133333333,235033333333,422,178,493,493,1,0,755,0.0,0
synthetic_rejected,72,0,248900000000,6047,6048,7476,235033333333,238066666667,339,137,636,569,24,0,2492,0.0,0
synthetic_rejected,77,0,248900000000,6054,6056,5778,185633333333,0,0,0,992,0,0,0,1926,0.0,0
synthetic_rejected,77,1,248900000000,6055,6056,2463,185900000000,0,0,0,301,0,0,0,821,0.0,0
synthetic_rejected,88,0,248900000000,6064,6065,1419,186066666667,0,0,0,305,0,0,0,473,0.0,0
synthetic_rejected,108,0,248900000000,6067,6069,6105,237200000000,241966666667,159,148,1081,523,83,0,2035,4.39639,0
synthetic_rejected,108,1,248900000000,6068,6069,855,237200000000,241966666667,103,69,151,147,5,0,285,0.0,0
synthetic_rejected,109,0,248900000000,6081,6083,39831,236766666667,242400000000,571,97,900,422,4,62,467,0.0,0
synthetic_rejected,109,1,248900000000,6082,6083,21780,236766666667,242400000000,555,172,574,458,4,108,495,0.0,0
synthetic_rejected,112,0,248900000000,6095,6097,17250,226800000000,232433333333,2345,67,1436,0,0,11,458,0.0,0
synthetic_rejected,112,1,248900000000,6096,6097,41076,232766666667,0,0,0,987,0,0,0,13692,0.0,0
synthetic_rejected,121,0,248900000000,6105,6106,207,213366666667,0,0,0,69,0,0,0,69,2.29017,0
synthetic_rejected,126,0,248900000000,6108,6109,531,237200000000,243266666667,216,192,111,106,0,0,177,0.0,0
synthetic_rejected,128,0,248900000000,6115,6117,237,189966666667,0,0,0,54,0,0,0,79,3.97178,0
synthetic_rejected,128,1,248900000000,6116,6117,390,190000000000,0,0,0,44,0,0,0,130,0.0,0
synthetic_rejected,132,0,248900000000,6125,6127,183,227666666667,230700000000,77,0,41,0,0,0,13,0.0,0
synthetic_rejected,132,1,248900000000,6126,6127,1053,231200000000,0,0,0,69,0,0,0,351,0.0,0
synthetic_rejected,135,0,248900000000,6135,6137,4113,217700000000,0,0,0,1186,0,0,0,1371,0.0,0
synthetic_rejected,135,1,248900000000,6136,6137,1809,217833333333,0,0,0,172,0,0,0,603,0.0,0
synthetic_rejected,136,0,248900000000,6145,6147,14100,221600000000,0,0,0,1478,0,0,0,4700,0.0,0
synthetic_rejected,136,1,248900000000,6146,6147,6699,221600000000,0,0,0,996,0,0,0,2233,0.0,0
synthetic_rejected,141,0,248900000000,6155,6156,1452,215433333333,0,0,0,201,0,0,0,484,0.0,0
synthetic_rejected,142,0,248900000000,6158,6159,1134,217866666667,0,0,0,195,0,0,0,378,0.0,0
synthetic_rejected,143,0,248900000000,6161,6162,1314,215300000000,0,0,0,201,0,0,0,438,0.0,0
synthetic_rejected,144,0,248900000000,6164,6165,1047,218033333333,0,0,0,176,0,0,0,349,0.0,0
synthetic_rejected,145,0,248900000000,6167,6168,99,47166666667,0,0,153,32,0,0,8,8,0.0,0
synthetic_rejected,146,0,248900000000,6170,6171,60,47800000000,0,0,67,20,0,0,5,5,0.0,0
synthetic_rejected,148,0,248900000000,6173,6174,543,174000000000,0,0,457,0,0,0,25,25,0.0,0
synthetic_rejected,149,0,248900000000,6176,6177,1698,186366666667,0,0,836,37,30,30,62,62,428.237,1
synthetic_rejected,161,0,248900000000,6180,6182,3219,236766666667,248900000000,177,38,328,267,0,10,42,1.07632,0
synthetic_rejected,161,1,248900000000,6181,6182,1368,236766666667,248900000000,202,1,268,202,0,0,44,0.0,0
synthetic_rejected,162,0,248900000000,6194,6195,2109,236766666667,248900000000,312,123,293,263,1,21,84,0.0,0
synthetic_rejected,163,0,248900000000,6201,6202,3654,237200000000,244133333333,354,79,747,681,5,0,1218,0.0,0
synthetic_rejected,164,0,248900000000,6208,6209,4329,237200000000,244133333333,250,150,468,455,4,0,1443,0.0,0
synthetic_rejected,165,0,248900000000,6215,6216,1956,218466666667,0,0,0,186,0,0,0,652,0.0,0
synthetic_rejected,166,0,248900000000,6218,6219,1596,215633333333,0,0,0,217,0,0,0,532,0.748684,0
synthetic_rejected,167,0,248900000000,6221,6223,4998,236766666667,248900000000,285,72,409,317,0,12,55,3.83565,0
synthetic_rejected,167,1,248900000000,6222,6223,2019,236766666667,248900000000,258,78,339,287,1,12,54,0.0,0
synthetic_rejected,171,0,248900000000,6235,6236,8625,192233333333,0,0,220,805,0,0,111,119,3.55739,0
synthetic_rejected,172,0,248900000000,6238,6240,4662,213366666667,0,0,0,892,0,0,0,1554,0.0,0
synthetic_rejected,172,1,248900000000,6239,6240,2361,213700000000,0,0,0,733,0,0,0,787,0.0,0
synthetic_rejected,180,0,248900000000,6248,6250,264,231133333333,0,0,0,73,0,0,0,88,0.0,0
synthetic_rejected,180,1,248900000000,6249,6250,1929,231300000000,0,0,0,152,0,0,0,643,0.0,0
synthetic_rejected,205,0,248900000000,6258,6260,1080,189100000000,0,0,0,109,0,0,0,360,0.245204,0
synthetic_rejected,205,1,248900000000,6259,6260,669,189400000000,0,0,0,74,0,0,0,223,0.0,0
synthetic_rejected,1,0,259466666667,6629,6630,1179,231700000000,0,0,0,91,0,0,0,393,0.0,0
synthetic_rejected,2,0,259466666667,6632,6634,3864,239366666667,0,0,0,693,0,0,0,1288,0.0,0
synthetic_rejected,2,1,259466666667,6633,6634,948,225533333333,0,0,0,25,0,0,0,316,0.0,0
synthetic_rejected,3,0,259466666667,6644,6646,567,231133333333,0,0,0,115,0,0,0,189,3.93482,0
synthetic_rejected,3,1,259466666667,6645,6646,984,231533333333,0,0,0,86,0,0,0,328,0.0,0
synthetic_rejected,5,0,259466666667,6654,6656,24951,186066666667,0,0,0,1492,0,0,0,8317,0.0,0
synthetic_rejected,5,1,259466666667,6655,6656,7764,186200000000,0,0,0,675,0,0,0,2588,0.0,0
synthetic_rejected,7,0,259466666667,6664,6665,29805,218200000000,0,0,0,347,0,0,0,9935,0.0,0
synthetic_rejected,21,0,259466666667,6667,6668,252,188666666667,0,0,14,60,6,0,2,10,0.0,0
synthetic_rejected,48,0,259466666667,6670,6671,5067,243900000000,255833333333,424,22,1388,1388,0,0,1689,0.0,0
synthetic_rejected,49,0,259466666667,6677,6678,2793,218666666667,0,0,0,502,0,0,0,931,0.0,0
synthetic_rejected,50,0,259466666667,6680,6681,3006,214466666667,0,0,0,421,0,0,0,1002,0.0,0
synthetic_rejected,51,0,259466666667,6683,6685,38454,220733333333,0,0,0,1480,0,0,0,12818,0.0,0
synthetic_rejected,51,1,259466666667,6684,6685,48987,220766666667,0,0,0,261,0,0,0,16329,0.0,0
synthetic_rejected,52,0,259466666667,6693,6695,66783,235033333333,240233333333,2969,89,1330,0,0,25,736,1.07038,0
synthetic_rejected,52,1,259466666667,6694,6695,53751,240266666667,0,0,0,557,0,0,0,17917,0.0,0
synthetic_rejected,54,0,259466666667,6703,6705,7659,239366666667,0,0,0,1307,0,0,0,2553,0.0,0
synthetic_rejected,54,1,259466666667,6704,6705,2694,225566666667,0,0,0,284,0,0,0,898,0.0,0
synthetic_rejected,55,0,259466666667,6713,6714,7698,214333333333,0,0,0,183,0,0,0,2566,0.0,0
synthetic_rejected,56,0,259466666667,6716,6718,83787,236333333333,255400000000,2499,1228,1331,914,0,0,27929,0.0,0
synthetic_rejected,56,1,259466666667,6717,6718,83418,236366666667,255400000000,2276,1076,822,799,0,0,27806,0.0,0
synthetic_rejected,57,0,259466666667,6730,6732,12795,232000000000,255400000000,244,0,1455,421,0,0,4265,0.0,0
synthetic_rejected,57,1,259466666667,6731,6732,36087,232200000000,255400000000,286,66,933,382,0,0,12029,0.0,0
synthetic_rejected,69,0,259466666667,6744,6745,9600,241100000000,0,0,0,903,0,0,0,3200,0.0,0
synthetic_rejected,70,0,259466666667,6747,6748,4794,240000000000,0,0,0,485,0,0,0,1598,0.0,0
synthetic_rejected,72,0,259466666667,6750,6751,10026,241400000000,0,0,3,569,0,0,2,145,0.0,0
synthetic_rejected,77,0,259466666667,6753,6755,5778,185633333333,0,0,0,992,0,0,0,1926,0.0,0
synthetic_rejected,77,1,259466666667,6754,6755,2463,185900000000,0,0,0,301,0,0,0,821,0.0,0
synthetic_rejected,88,0,259466666667,6763,6764,1419,186066666667,0,0,0,305,0,0,0,473,0.0,0
synthetic_rejected,108,0,259466666667,6766,6768,6105,241966666667,243266666667,70,67,970,307,36,0,2035,4.37102,0
synthetic_rejected,108,1,259466666667,6767,6768,855,241966666667,243266666667,37,28,140,112,8,0,285,0.0445362,0
synthetic_rejected,109,0,259466666667,6780,6782,39831,242400000000,253233333333,137,7461,896,450,409,463,467,5.87274,1
synthetic_rejected,109,1,259466666667,6781,6782,32997,242733333333,253233333333,146,8379,321,173,156,516,522,77.7896,1
synthetic_rejected,112,0,259466666667,6786,6788,17250,232433333333,0,0,0,1436,0,0,0,5750,0.0,0
synthetic_rejected,112,1,259466666667,6787,6788,41076,232766666667,0,0,0,987,0,0,0,13692,0.0,0
synthetic_rejected,121,0,259466666667,6796,6797,207,213366666667,0,0,0,69,0,0,0,69,2.29017,0
synthetic_rejected,126,0,259466666667,6799,6800,870,244000000000,248466666667,4,2,111,0,0,0,290,0.0,0
synthetic_rejected,128,0,259466666667,6806,6808,237,189966666667,0,0,0,54,0,0,0,79,3.97178,0
synthetic_rejected,128,1,259466666667,6807,6808,390,190000000000,0,0,0,44,0,0,0,130,0.0,0
synthetic_rejected,132,0,259466666667,6816,6818,183,230700000000,255400000000,4,4,41,17,0,0,61,0.0,0
synthetic_rejected,132,1,259466666667,6817,6818,1053,231200000000,255400000000,4,4,70,25,0,0,351,0.0,0
synthetic_rejected,135,0,259466666667,6830,6832,4113,217700000000,0,0,0,1186,0,0,0,1371,0.0,0
synthetic_rejected,135,1,259466666667,6831,6832,1809,217833333333,0,0,0,172,0,0,0,603,0.0,0
synthetic_rejected,136,0,259466666667,6840,6842,14100,221600000000,0,0,0,1478,0,0,0,4700,0.0,0
synthetic_rejected,136,1,259466666667,6841,6842,6699,221600000000,0,0,0,996,0,0,0,2233,0.0,0
synthetic_rejected,141,0,259466666667,6850,6851,1452,215433333333,0,0,0,201,0,0,0,484,0.0,0
synthetic_rejected,142,0,259466666667,6853,6854,1134,217866666667,0,0,0,195,0,0,0,378,0.0,0
synthetic_rejected,143,0,259466666667,6856,6857,1314,215300000000,0,0,0,201,0,0,0,438,0.0,0
synthetic_rejected,144,0,259466666667,6859,6860,1047,218033333333,0,0,0,176,0,0,0,349,0.0,0
synthetic_rejected,145,0,259466666667,6862,6863,99,47166666667,0,0,153,32,0,0,8,8,0.0,0
synthetic_rejected,146,0,259466666667,6865,6866,60,47800000000,0,0,67,20,0,0,5,5,0.0,0
synthetic_rejected,147,0,259466666667,6868,6869,753,246233333333,0,0,0,195,195,4,0,251,0.0,0
synthetic_rejected,148,0,259466666667,6871,6872,543,174000000000,0,0,457,0,0,0,25,25,0.0,0
synthetic_rejected,156,0,259466666667,6877,6878,5484,243700000000,246300000000,920,33,1412,1412,2,6,257,0.0,0
synthetic_rejected,161,0,259466666667,6884,6886,3219,248900000000,250633333333,93,71,328,247,0,0,1073,1.02595,0
synthetic_rejected,161,1,259466666667,6885,6886,2652,248900000000,250633333333,142,85,333,302,1,0,884,0.0,0
synthetic_rejected,162,0,259466666667,6898,6899,3012,248900000000,250633333333,180,170,376,246,4,0,1004,0.0,0
synthetic_rejected,163,0,259466666667,6905,6906,3654,244133333333,255833333333,222,176,772,182,5,0,1218,0.0,0
synthetic_rejected,164,0,259466666667,6912,6913,4329,244133333333,248900000000,397,14,451,0,0,4,74,0.0,0
synthetic_rejected,165,0,259466666667,6919,6920,1956,218466666667,0,0,0,186,0,0,0,652,0.0,0
synthetic_rejected,166,0,259466666667,6922,6923,1596,215633333333,0,0,0,217,0,0,0,532,0.748684,0
synthetic_rejected,167,0,259466666667,6925,6927,4998,248900000000,250633333333,161,131,408,316,0,0,1666,3.72299,0
synthetic_rejected,167,1,259466666667,6926,6927,3333,248900000000,250633333333,159,131,404,381,5,0,1111,0.0,0
synthetic_rejected,171,0,259466666667,6939,6940,8625,192233333333,0,0,1832,805,805,395,111,119,44.1333,1
synthetic_rejected,172,0,259466666667,6945,6947,4662,213366666667,0,0,0,892,0,0,0,1554,0.0,0
synthetic_rejected,172,1,259466666667,6946,6947,2361,213700000000,0,0,0,733,0,0,0,787,0.0,0
synthetic_rejected,173,0,259466666667,6955,6956,927,245866666667,246733333333,68,6,275,275,1,3,41,0.0,0
synthetic_rejected,174,0,259466666667,6962,6963,1059,247166666667,248033333333,54,9,273,273,0,8,50,0.0,0
synthetic_rejected,175,0,259466666667,6969,6970,915,246300000000,247600000000,95,14,239,239,3,7,44,0.0,0
synthetic_rejected,180,0,259466666667,6976,6978,264,231133333333,259466666667,29,0,73,31,0,0,15,0.0,0
synthetic_rejected,180,1,259466666667,6977,6978,1929,231300000000,255400000000,6,2,156,82,1,0,643,0.0,0
synthetic_rejected,205,0,259466666667,6990,6992,1080,189100000000,255400000000,102,92,109,73,0,0,360,0.226563,0
synthetic_rejected,205,1,259466666667,6991,6992,669,189400000000,255400000000,104,68,80,71,2,0,223,0.0,0
synthetic_rejected,1,0,259466666667,7287,7288,1179,231700000000,0,0,0,91,0,0,0,393,0.0,0
synthetic_rejected,2,0,259466666667,7290,7292,3864,239366666667,0,0,0,693,0,0,0,1288,0.0,0
synthetic_rejected,2,1,259466666667,7291,7292,948,225533333333,0,0,0,25,0,0,0,316,0.0,0
synthetic_rejected,3,0,259466666667,7302,7304,567,231133333333,0,0,0,115,0,0,0,189,3.93482,0
synthetic_rejected,3,1,259466666667,7303,7304,984,231533333333,0,0,0,86,0,0,0,328,0.0,0
synthetic_rejected,5,0,259466666667,7312,7314,24951,186066666667,0,0,0,1492,0,0,0,8317,0.0,0
synthetic_rejected,5,1,259466666667,7313,7314,7764,186200000000,0,0,0,675,0,0,0,2588,0.0,0
synthetic_rejected,7,0,259466666667,7322,7323,29805,218200000000,0,0,0,347,0,0,0,9935,0.0,0
synthetic_rejected,21,0,259466666667,7325,7326,252,188666666667,0,0,14,60,0,0,2,10,0.0,0
synthetic_rejected,48,0,259466666667,7328,7329,11856,259466666667,0,0,0,784,0,0,0,0,0.0,0
synthetic_rejected,49,0,259466666667,7331,7332,2793,218666666667,0,0,0,502,0,0,0,931,0.0,0
synthetic_rejected,50,0,259466666667,7334,7335,3006,214466666667,0,0,0,421,0,0,0,1002,0.0,0
synthetic_rejected,51,0,259466666667,7337,7339,38454,220733333333,0,0,0,1480,0,0,0,12818,0.0,0
synthetic_rejected,51,1,259466666667,7338,7339,48987,220766666667,0,0,0,261,0,0,0,16329,0.0,0
synthetic_rejected,52,0,259466666667,7347,7349,66783,240233333333,0,0,0,1330,0,0,0,22261,1.07038,0
synthetic_rejected,52,1,259466666667,7348,7349,53751,240266666667,0,0,0,557,0,0,0,17917,0.0,0
synthetic_rejected,54,0,259466666667,7357,7359,7659,239366666667,0,0,0,1307,0,0,0,2553,0.0,0
synthetic_rejected,54,1,259466666667,7358,7359,2694,225566666667,0,0,0,284,0,0,0,898,0.0,0
synthetic_rejected,55,0,259466666667,7367,7368,7698,214333333333,0,0,0,183,0,0,0,2566,0.0,0
synthetic_rejected,56,0,259466666667,7370,7372,83787,255400000000,259466666667,9296,547,1329,0,0,56,1527,0.0,0
synthetic_rejected,56,1,259466666667,7371,7372,93450,259466666667,0,0,0,250,0,0,0,0,0.0,0
synthetic_rejected,57,0,259466666667,7380,7382,12795,255400000000,259466666667,948,0,1455,0,0,0,405,0.0,0
synthetic_rejected,57,1,259466666667,7381,7382,36654,259466666667,0,0,0,858,0,0,0,0,0.0,0
synthetic_rejected,69,0,259466666667,7390,7391,9600,241100000000,0,0,0,903,0,0,0,3200,0.0,0
synthetic_rejected,70,0,259466666667,7393,7394,4794,240000000000,0,0,0,485,0,0,0,1598,0.0,0
synthetic_rejected,72,0,259466666667,7396,7397,10026,241400000000,0,0,3,569,0,0,2,145,0.0,0
synthetic_rejected,77,0,259466666667,7399,7401,5778,185633333333,0,0,0,992,0,0,0,1926,0.0,0
synthetic_rejected,77,1,259466666667,7400,7401,2463,185900000000,0,0,0,301,0,0,0,821,0.0,0
synthetic_rejected,88,0,259466666667,7409,7410,1419,186066666667,0,0,0,305,0,0,0,473,0.0,0
synthetic_rejected,108,0,259466666667,7412,7414,6105,243266666667,253233333333,158,71,951,0,0,25,136,4.37102,0
synthetic_rejected,108,1,259466666667,7413,7414,5067,253600000000,0,0,0,136,0,0,0,1689,0.0445362,0
synthetic_rejected,109,0,259466666667,7422,7423,5682,259466666667,0,0,0,0,0,0,0,0,0.0,0
synthetic_rejected,112,0,259466666667,7425,7427,17250,232433333333,0,0,0,1436,0,0,0,5750,0.0,0
synthetic_rejected,112,1,259466666667,7426,7427,41076,232766666667,0,0,0,987,0,0,0,13692,0.0,0
synthetic_rejected,121,0,259466666667,7435,7436,207,213366666667,0,0,0,69,0,0,0,69,2.29017,0
synthetic_rejected,126,0,259466666667,7438,7439,1221,248800000000,0,0,0,111,0,0,0,407,0.0,0
synthetic_rejected,128,0,259466666667,7441,7443,237,189966666667,0,0,0,54,0,0,0,79,3.97178,0
synthetic_rejected,128,1,259466666667,7442,7443,390,190000000000,0,0,0,44,0,0,0,130,0.0,0
synthetic_rejected,132,0,259466666667,7451,7453,183,255400000000,259466666667,68,12,41,0,0,1,13,0.0,0
synthetic_rejected,132,1,259466666667,7452,7453,1227,259466666667,0,0,0,70,0,0,0,0,0.0,0
synthetic_rejected,135,0,259466666667,7461,7463,4113,217700000000,0,0,0,1186,0,0,0,1371,0.0,0
synthetic_rejected,135,1,259466666667,7462,7463,1809,217833333333,0,0,0,172,0,0,0,603,0.0,0
synthetic_rejected,136,0,259466666667,7471,7473,14100,221600000000,0,0,0,1478,0,0,0,4700,0.0,0
synthetic_rejected,136,1,259466666667,7472,7473,6699,221600000000,0,0,0,996,0,0,0,2233,0.0,0
synthetic_rejected,141,0,259466666667,7481,7482,1452,215433333333,0,0,0,201,0,0,0,484,0.0,0
synthetic_rejected,142,0,259466666667,7484,7485,1134,217866666667,0,0,0,195,0,0,0,378,0.0,0
synthetic_rejected,143,0,259466666667,7487,7488,1314,215300000000,0,0,0,201,0,0,0,438,0.0,0
synthetic_rejected,144,0,259466666667,7490,7491,1047,218033333333,0,0,0,176,0,0,0,349,0.0,0
synthetic_rejected,145,0,259466666667,7493,7494,99,47166666667,0,0,153,32,0,0,8,8,0.0,0
synthetic_rejected,146,0,259466666667,7496,7497,60,47800000000,0,0,67,20,0,0,5,5,0.0,0
synthetic_rejected,147,0,259466666667,7499,7500,1467,246233333333,0,0,0,160,0,0,0,489,0.0,0
synthetic_rejected,148,0,259466666667,7502,7503,1254,246200000000,0,0,0,0,0,0,0,418,0.0,0
synthetic_rejected,149,0,259466666667,7505,7506,1185,245800000000,0,0,0,0,0,0,0,395,0.0,0
synthetic_rejected,155,0,259466666667,7508,7509,27378,255733333333,0,0,0,1409,1409,9,0,9126,0.0,0
synthetic_rejected,156,0,259466666667,7511,7512,11451,246766666667,0,0,0,852,0,0,0,3817,0.0,0
synthetic_rejected,161,0,259466666667,7514,7516,3219,250633333333,254100000000,103,14,323,0,0,2,42,1.02595,0
synthetic_rejected,161,1,259466666667,7515,7516,3414,254366666667,0,0,0,322,0,0,0,1138,0.0,0
synthetic_rejected,162,0,259466666667,7524,7525,3306,254900000000,0,0,0,364,0,0,0,1102,0.0,0
synthetic_rejected,163,0,259466666667,7527,7528,10230,259466666667,0,0,0,678,0,0,0,0,0.0,0
synthetic_rejected,164,0,259466666667,7530,7531,6708,249133333333,0,0,0,451,0,0,0,2236,0.0,0
synthetic_rejected,165,0,259466666667,7533,7534,1956,218466666667,0,0,0,186,0,0,0,652,0.0,0
synthetic_rejected,166,0,259466666667,7536,7537,1596,215633333333,0,0,0,217,0,0,0,532,0.748684,0
synthetic_rejected,167,0,259466666667,7539,7541,4998,250633333333,254533333333,357,82,406,0,0,11,55,3.72299,0
synthetic_rejected,167,1,259466666667,7540,7541,4662,254733333333,0,0,0,392,0,0,0,1554,0.0,0
synthetic_rejected,171,0,259466666667,7549,7550,5034,247300000000,0,0,0,0,0,0,0,1678,0.0,0
synthetic_rejected,172,0,259466666667,7552,7554,4662,213366666667,0,0,0,892,0,0,0,1554,0.0,0
synthetic_rejected,172,1,259466666667,7553,7554,2361,213700000000,0,0,0,733,0,0,0,787,0.0,0
synthetic_rejected,173,0,259466666667,7562,7563,1911,247133333333,0,0,0,273,0,0,0,637,0.0,0
synthetic_rejected,174,0,259466666667,7565,7566,2091,248266666667,0,0,0,270,0,0,0,697,0.0,0
synthetic_rejected,175,0,259466666667,7568,7569,1872,247933333333,0,0,0,234,0,0,0,624,0.0,0
synthetic_rejected,180,0,259466666667,7571,7573,264,259466666667,0,0,0,73,0,0,0,0,0.0,0
synthetic_rejected,180,1,259466666667,7572,7573,1929,255400000000,259466666667,60,10,155,0,0,1,29,0.0,0
synthetic_rejected,205,0,259466666667,7585,7587,1080,255400000000,259466666667,140,61,109,0,0,7,21,0.226563,0
synthetic_rejected,205,1,259466666667,7586,7587,927,259466666667,0,0,0,77,0,0,0,0,0.0,0
synthetic_rejected,1,0,259466666667,7811,7812,1179,231700000000,0,0,0,91,0,0,0,393,0.0,0
synthetic_rejected,2,0,259466666667,7814,7815,4812,239366666667,0,0,0,761,0,0,0,1604,0.0,0
synthetic_rejected,3,0,259466666667,7817,7818,1551,231533333333,0,0,0,130,0,0,0,517,3.93482,0
synthetic_rejected,5,0,259466666667,7820,7821,32715,186200000000,0,0,0,1498,0,0,0,10905,0.0,0
synthetic_rejected,7,0,259466666667,7823,7824,29805,218200000000,0,0,0,347,0,0,0,9935,0.0,0
synthetic_rejected,21,0,259466666667,7826,7827,252,188666666667,0,0,14,60,0,0,2,10,0.0,0
synthetic_rejected,48,0,259466666667,7829,7830,11856,259466666667,0,0,0,784,0,0,0,0,0.0,0
synthetic_rejected,49,0,259466666667,7832,7833,2793,218666666667,0,0,0,502,0,0,0,931,0.0,0
synthetic_rejected,50,0,259466666667,7835,7836,3006,214466666667,0,0,0,421,0,0,0,1002,0.0,0
synthetic_rejected,51,0,259466666667,7838,7839,87441,220766666667,0,0,0,1492,0,0,0,29147,0.0,0
synthetic_rejected,52,0,259466666667,7841,7842,120534,240266666667,0,0,0,1466,0,0,0,40178,1.07038,0
synthetic_rejected,54,0,259466666667,7844,7845,10353,239366666667,0,0,0,1426,0,0,0,3451,0.0,0
synthetic_rejected,55,0,259466666667,7847,7848,7698,214333333333,0,0,0,183,0,0,0,2566,0.0,0
synthetic_rejected,56,0,259466666667,7850,7851,177237,259466666667,0,0,0,1496,0,0,0,0,0.0,0
synthetic_rejected,57,0,259466666667,7853,7854,49449,259466666667,0,0,0,1494,0,0,0,0,0.0,0
synthetic_rejected,69,0,259466666667,7856,7857,9600,241100000000,0,0,0,903,0,0,0,3200,0.0,0
synthetic_rejected,70,0,259466666667,7859,7860,4794,240000000000,0,0,0,485,0,0,0,1598,0.0,0
synthetic_rejected,72,0,259466666667,7862,7863,10026,241400000000,0,0,3,569,0,0,2,145,0.0,0
synthetic_rejected,77,0,259466666667,7865,7866,8241,185900000000,0,0,0,1015,0,0,0,2747,0.0,0
synthetic_rejected,88,0,259466666667,7868,7869,1419,186066666667,0,0,0,305,0,0,0,473,0.0,0
synthetic_rejected,108,0,259466666667,7871,7872,11172,253600000000,0,0,0,1302,0,0,0,3724,4.37102,0
synthetic_rejected,109,0,259466666667,7874,7875,5682,259466666667,0,0,0,0,0,0,0,0,0.0,0
synthetic_rejected,112,0,259466666667,7877,7878,58326,232766666667,0,0,0,1478,0,0,0,19442,0.0,0
synthetic_rejected,121,0,259466666667,7880,7881,207,213366666667,0,0,0,69,0,0,0,69,2.29017,0
synthetic_rejected,126,0,259466666667,7883,7884,1221,248800000000,0,0,0,111,0,0,0,407,0.0,0
synthetic_rejected,128,0,259466666667,7886,7887,627,190000000000,0,0,0,118,0,0,0,209,3.97178,0
synthetic_rejected,132,0,259466666667,7889,7890,1410,259466666667,0,0,0,167,0,0,0,0,0.0,0
synthetic_rejected,135,0,259466666667,7892,7893,5922,217833333333,0,0,0,1259,0,0,0,1974,0.0,0
synthetic_rejected,136,0,259466666667,7895,7896,20799,221600000000,0,0,0,1480,0,0,0,6933,0.0,0
synthetic_rejected,141,0,259466666667,7898,7899,1452,215433333333,0,0,0,201,0,0,0,484,0.0,0
synthetic_rejected,142,0,259466666667,7901,7902,1134,217866666667,0,0,0,195,0,0,0,378,0.0,0
synthetic_rejected,143,0,259466666667,7904,7905,1314,215300000000,0,0,0,201,0,0,0,438,0.0,0
synthetic_rejected,144,0,259466666667,7907,7908,1047,218033333333,0,0,0,176,0,0,0,349,0.0,0
synthetic_rejected,145,0,259466666667,7910,7911,99,47166666667,0,0,153,32,0,0,8,8,0.0,0
synthetic_rejected,146,0,259466666667,7913,7914,60,47800000000,0,0,67,20,0,0,5,5,0.0,0
synthetic_rejected,147,0,259466666667,7916,7917,1467,246233333333,0,0,0,160,0,0,0,489,0.0,0
synthetic_rejected,148,0,259466666667,7919,7920,1254,246200000000,0,0,0,0,0,0,0,418,0.0,0
synthetic_rejected,149,0,259466666667,7922,7923,1185,245800000000,0,0,0,0,0,0,0,395,0.0,0
synthetic_rejected,155,0,259466666667,7925,7926,27378,255733333333,0,0,0,1389,0,0,0,9126,0.0,0
synthetic_rejected,156,0,259466666667,7928,7929,11451,246766666667,0,0,0,852,0,0,0,3817,0.0,0
synthetic_rejected,161,0,259466666667,7931,7932,6633,254366666667,0,0,0,551,0,0,0,2211,1.02595,0
synthetic_rejected,162,0,259466666667,7934,7935,3306,254900000000,0,0,0,364,0,0,0,1102,0.0,0
synthetic_rejected,163,0,259466666667,7937,7938,10230,259466666667,0,0,0,678,0,0,0,0,0.0,0
synthetic_rejected,164,0,259466666667,7940,7941,6708,249133333333,0,0,0,451,0,0,0,2236,0.0,0
synthetic_rejected,165,0,259466666667,7943,7944,1956,218466666667,0,0,0,186,0,0,0,652,0.0,0
synthetic_rejected,166,0,259466666667,7946,7947,1596,215633333333,0,0,0,217,0,0,0,532,0.748684,0
synthetic_rejected,167,0,259466666667,7949,7950,9660,254733333333,0,0,0,647,0,0,0,3220,3.72299,0
synthetic_rejected,171,0,259466666667,7952,7953,5034,247300000000,0,0,0,0,0,0,0,1678,0.0,0
synthetic_rejected,172,0,259466666667,7955,7956,7023,213700000000,0,0,0,949,0,0,0,2341,0.0,0
synthetic_rejected,173,0,259466666667,7958,7959,1911,247133333333,0,0,0,273,0,0,0,637,0.0,0
synthetic_rejected,174,0,259466666667,7961,7962,2091,248266666667,0,0,0,270,0,0,0,697,0.0,0
synthetic_rejected,175,0,259466666667,7964,7965,1872,247933333333,0,0,0,234,0,0,0,624,0.0,0
synthetic_rejected,180,0,259466666667,7967,7968,2193,259466666667,0,0,0,211,0,0,0,0,0.0,0
synthetic_rejected,205,0,259466666667,7970,7971,2007,259466666667,0,0,0,169,0,0,0,0,0.226563,0
