session,metric,baseline,reference_48a3033,candidate,delta,delta_vs_48a3033,within_existing_tolerance
b,@5cm P,96.2,96.2,96.2,0.0,0.0,True
b,@5cm R,97.8,97.8,97.8,0.0,0.0,True
b,@5cm F1,97.0,97.0,97.0,0.0,0.0,True
b,@10cm P,97.7,97.6,97.7,0.0,0.10000000000000853,True
b,@10cm R,99.5,99.5,99.5,0.0,0.0,True
b,@10cm F1,98.6,98.6,98.6,0.0,0.0,True
b,@20cm P,98.8,98.8,98.8,0.0,0.0,True
b,@20cm R,100.0,100.0,100.0,0.0,0.0,True
b,@20cm F1,99.4,99.4,99.4,0.0,0.0,True
a,@5cm P,99.1,99.1,99.1,0.0,0.0,True
a,@5cm R,95.8,95.9,95.8,0.0,-0.10000000000000853,True
a,@5cm F1,97.4,97.5,97.4,0.0,-0.09999999999999432,True
a,@10cm P,99.6,99.6,99.6,0.0,0.0,True
a,@10cm R,99.1,99.2,99.2,0.10000000000000853,0.0,True
a,@10cm F1,99.4,99.4,99.4,0.0,0.0,True
a,@20cm P,99.9,99.9,99.8,-0.10000000000000853,-0.10000000000000853,True
a,@20cm R,100.0,100.0,100.0,0.0,0.0,True
a,@20cm F1,99.9,99.9,99.9,0.0,0.0,True
