kind,layout,route,stage,measured_fragment,reliable,current_birth,current_vertices,mini_birth,mini_vertices,history_count
RESULT,B1_off_A,new_site_first,before,B1,30,1000000000,30,10000000000,30,1
RESULT,B1_off_A,new_site_first,after_B1_absence,B1,30,15000000000,1,0,0,2
RESULT,B1_off_A,new_site_first,after_all_fragments,none,0,15000000000,1,0,0,2
RESULT,B1_off_A,new_site_first,after_B2_support,B2,1,15000000000,1,0,0,2
HISTORY,B1_off_A,new_site_first,1000000000,20000000000,30
HISTORY,B1_off_A,new_site_first,15000000000,0,1
RESULT,B1_off_A,old_site_empty_first,before,B1,30,1000000000,30,10000000000,30,1
RESULT,B1_off_A,old_site_empty_first,after_B1_absence,B1,30,0,0,0,0,1
RESULT,B1_off_A,old_site_empty_first,after_all_fragments,none,0,15000000000,1,0,0,2
RESULT,B1_off_A,old_site_empty_first,after_B2_support,B2,1,15000000000,1,0,0,2
HISTORY,B1_off_A,old_site_empty_first,1000000000,20000000000,30
HISTORY,B1_off_A,old_site_empty_first,15000000000,0,1
RESULT,B1_on_A,new_site_first,before,B1,30,1000000000,30,10000000000,30,1
RESULT,B1_on_A,new_site_first,after_B1_absence,B1,30,1000000000,30,15000000000,1,1
RESULT,B1_on_A,new_site_first,after_all_fragments,none,0,1000000000,30,15000000000,1,1
RESULT,B1_on_A,new_site_first,after_B2_support,B2,1,1000000000,30,15000000000,1,1
HISTORY,B1_on_A,new_site_first,1000000000,0,30
RESULT,B1_on_A,old_site_empty_first,before,B1,30,1000000000,30,10000000000,30,1
RESULT,B1_on_A,old_site_empty_first,after_B1_absence,B1,30,1000000000,30,0,0,1
RESULT,B1_on_A,old_site_empty_first,after_all_fragments,none,0,1000000000,30,15000000000,1,1
RESULT,B1_on_A,old_site_empty_first,after_B2_support,B2,1,1000000000,30,15000000000,1,1
HISTORY,B1_on_A,old_site_empty_first,1000000000,0,30
