常数,代码值,改成,改变判定数,涉及物体（首次关闭时刻，基线→改后）,GT 核对,结论
kMinSamplesInView,30,15（×0.5）,9,"真实B 7 315.0→308.6；真实B 13 两条记录 323.5/398.0→315.0/323.5（近似）；真实C 2 480.2→无；真实C 5 545.1/630.1→541.7（近似）；合成A 69 76.4→65.6、70 新增 65.6、71 76.4→65.6、21 新增 76.4（近似）；合成B 145 248.9→205.6（近似）","变好：真实B 7（已搬走，提前 6.4 s）、合成A 69/70/71（50 s 处搬动，提前或新增正确关闭）、合成B 145（A→B 搬动，提前）；变差：真实C 2（C 内移动后起始位置不再关闭）、合成A 21 book_0013（GT 静止，误关）；真实B 13、真实C 5 为近似",影响判定
kMinSamplesInView,30,60（×2）,12,"真实B 10 315.0→无；真实B 13 323.5→321.3；真实B 20 无→319.2；真实C 2 480.2→无；真实C 5 545.1/630.1→454.7（近似）；真实C 20 442.1→无（已在 B 关）；合成A 71 76.4→无、128 119.7→无、148 108.9→无；合成B 121 216.4→无、148 238.1→无、175 238.1→无","变好：真实B 20 笔记本在 B 即关（原到 C 才关）、真实B 13 提前、合成A 128（GT 静止，去掉误关）；变差：真实B 10、真实C 2、合成A 71/148、合成B 121/148/175 丢失正确关闭",影响判定（净变差）
kMaxAbsenceSamples,1500,750（×0.5，计数减半近似）,12,"真实B 7 315.0→312.9、13 323.5→321.3、20 无→355.4（近似）；真实C 2 480.2→无、3 435.7→无、5 545.1/630.1→454.7（近似）、20 442.1→无；合成A 71 76.4→无、128 119.7→无、148 108.9→无；合成B 121 216.4→无、148 238.1→无","与 60 的门相同的方向：变好 真实B 7/13/20、合成A 128；变差 真实C 2/3、合成A 71/148、合成B 121/148",影响判定（经由 30 的门，净变差）；3000 无法从日志重放
历史门槛 ≥3,3,2（×0.5）,4,"真实C 5 545.1/630.1→545.1；合成A 69 76.4→65.6、70 新增 65.6；合成B 72 194.7→无","变好：真实C 5（GT 静止，少一次误提交）、合成A 69/70；变差：合成B 72（B 内 41–46 s 搬动后的关闭丢失）",影响判定（有好有坏）
历史门槛 ≥3,3,6（×2）,11,"真实B 2/3/10/19 关闭→无；真实C 3 435.7→无、14 433.6→无、13 433.6→无、5 新增 450.5、7 新增 459.0、10 新增 512.8；合成A 164 新增 130.6","变好：真实C 13（形变包，去掉误关）、合成A 164（116–121 s 搬动后新增正确关闭）；变差：真实B 2/3/10/19、真实C 3/14 丢失正确关闭，真实C 5/7/10 新增误关",影响判定（净变差）
总体伪观测 k,3,1.5（×0.5）,1,真实C 2 480.2→无,变差,影响判定
总体伪观测 k,3,6（×2）,2,"真实B 2 新增 364.0；真实C 2 480.2→461.1","变好：真实B 2（B 内 336.7–360.1 s 隐藏搬动后新增关闭）、真实C 2 提前 19 s",影响判定（不调参，不采用）
冷启动均值,0.05,0.025 / 0.1,0,—,—,不影响判定
冷启动方差,0.09,0.045 / 0.18 / 1/12,0,—,—,不影响判定（m(1−m)≤1/4，v≥1/12 时浓度恒为下限 2）
浓度下限,2,1（×0.5）,0,—,—,不影响判定
浓度下限,2,4（×2）,2,"合成A 69 76.4→54.7、70 新增 65.6",变好（50 s 处搬动的提前/新增正确关闭）,影响判定（不调参，不采用）
f 下夹界,0.005,0.0025 / 0.01,0,—,—,不影响判定
f 上夹界,0.995,0.9975（1−f ×0.5）,0,—,—,不影响判定
f 上夹界,0.995,0.99（1−f ×2）,1,真实C 2 480.2→无,变差,影响判定
均值夹界,0.001 / 0.999,0.0005 / 0.002 / 0.9995 / 0.998,0,—,—,不影响判定
方差下限,1e-4,5e-5（×0.5）,0,—,—,不影响判定
方差下限,1e-4,2e-4（×2）,2,"真实C 2 480.2→无；合成A 128 119.7→无","变差：真实C 2；变好：合成A 128（GT 静止）",影响判定（有好有坏）
