snap,query,det,miss,halluc,empty_failed,empty_ids
0,1786279343600966000,15,0,2,2,O(15)|O(31)
1,1786302304319989000,15,0,2,2,O(15)|O(31)
2,1786302306453334000,15,0,2,2,O(15)|O(31)
3,1786302308586667000,15,0,3,3,O(15)|O(17)|O(31)
4,1786302310719989000,14,0,5,5,O(0)|O(15)|O(17)|O(31)|O(0)
5,1786302312853334000,13,1,6,6,O(0)|O(6)|O(15)|O(17)|O(31)|O(0)
6,1786302314953334000,10,4,9,9,O(0)|O(6)|O(15)|O(16)|O(17)|O(18)|O(31)|O(66)|O(0)
7,1786302317086656000,11,3,8,8,O(0)|O(6)|O(15)|O(16)|O(17)|O(31)|O(66)|O(0)
8,1786302319220000000,13,1,5,5,O(0)|O(6)|O(15)|O(31)|O(0)
9,1786302321320000000,15,0,4,2,O(15)|O(31)
10,1786302323453323000,15,0,4,2,O(15)|O(31)
11,1786302325586656000,14,0,5,3,O(15)|O(31)|O(19)
12,1786302327720000000,14,0,5,3,O(15)|O(31)|O(19)
13,1786302329853323000,15,0,5,3,O(15)|O(31)|O(19)
14,1786302331986667000,15,0,5,3,O(15)|O(31)|O(19)
15,1786302334153323000,15,0,5,3,O(15)|O(31)|O(19)
16,1786302336220011000,15,0,5,3,O(15)|O(31)|O(19)
17,1786302338353323000,16,0,5,3,O(15)|O(31)|O(19)
18,1786302340453323000,16,0,5,3,O(15)|O(31)|O(19)
19,1786302342553334000,16,0,5,3,O(15)|O(31)|O(19)
20,1786302344653345000,15,1,5,3,O(15)|O(31)|O(19)
21,1786302346786656000,16,0,5,3,O(15)|O(31)|O(19)
22,1786302348953323000,16,1,5,3,O(15)|O(31)|O(19)
23,1786302351086667000,16,1,5,3,O(15)|O(31)|O(19)
24,1786302353220000000,16,0,5,3,O(15)|O(31)|O(19)
25,1786302355353334000,16,0,5,3,O(15)|O(31)|O(19)
26,1786302357453345000,15,1,5,3,O(15)|O(31)|O(19)
27,1786302359620000000,15,1,5,3,O(15)|O(31)|O(19)
28,1786302361786656000,14,1,6,3,O(15)|O(31)|O(19)
29,1786302363953323000,14,1,6,3,O(15)|O(31)|O(19)
30,1786302366053334000,14,1,6,3,O(15)|O(31)|O(19)
31,1786302368120011000,14,1,6,3,O(15)|O(31)|O(19)
32,1786302370286656000,14,1,6,3,O(15)|O(31)|O(19)
33,1786302372453323000,16,0,5,3,O(15)|O(31)|O(19)
34,1786302374586667000,16,0,5,3,O(15)|O(31)|O(19)
35,1786302376720000000,16,0,6,4,O(15)|O(26)|O(31)|O(19)
36,1786302378853323000,16,0,6,4,O(15)|O(26)|O(31)|O(19)
37,1786302380953345000,16,0,6,4,O(15)|O(26)|O(31)|O(19)
38,1786302383086667000,16,0,6,4,O(15)|O(26)|O(31)|O(19)
39,1786302385220000000,16,0,6,4,O(15)|O(26)|O(31)|O(19)
40,1786302387320011000,16,0,6,4,O(15)|O(26)|O(31)|O(19)
41,1786302389420000000,16,0,6,4,O(15)|O(26)|O(31)|O(19)
42,1786302391586667000,16,0,6,4,O(15)|O(26)|O(31)|O(19)
43,1786302393719989000,16,0,6,4,O(15)|O(26)|O(31)|O(19)
44,1786302395853323000,16,0,6,4,O(15)|O(26)|O(31)|O(19)
45,1786302397953323000,16,0,6,4,O(15)|O(26)|O(31)|O(19)
46,1786302400120000000,15,1,6,4,O(15)|O(26)|O(31)|O(19)
47,1786302402286656000,16,0,6,4,O(15)|O(26)|O(31)|O(19)
48,1786302404419989000,16,0,6,4,O(15)|O(26)|O(31)|O(19)
49,1786302406519989000,16,0,6,4,O(15)|O(26)|O(31)|O(19)
50,1786302408619989000,16,0,6,4,O(15)|O(26)|O(31)|O(19)
51,1786302410753334000,16,0,6,4,O(15)|O(26)|O(31)|O(19)
52,1786302412886667000,16,0,6,4,O(15)|O(26)|O(31)|O(19)
53,1786302414986656000,16,0,6,4,O(15)|O(26)|O(31)|O(19)
54,1786302417120000000,16,0,6,4,O(15)|O(26)|O(31)|O(19)
55,1786302419253323000,16,0,6,4,O(15)|O(26)|O(31)|O(19)
56,1786302421353334000,16,0,6,4,O(15)|O(26)|O(31)|O(19)
57,1786302423486667000,16,0,6,4,O(15)|O(26)|O(31)|O(19)
58,1786302425653323000,16,0,6,4,O(15)|O(26)|O(31)|O(19)
59,1786302427753345000,16,0,6,4,O(15)|O(26)|O(31)|O(19)
60,1786302429886667000,15,1,6,4,O(15)|O(26)|O(31)|O(19)
61,1786302431986667000,15,1,6,4,O(15)|O(26)|O(31)|O(19)
62,1786302434553334000,15,1,6,4,O(15)|O(26)|O(31)|O(19)
63,1786302437086656000,15,1,6,4,O(15)|O(26)|O(31)|O(19)
64,1786302437286656000,16,0,6,4,O(15)|O(26)|O(31)|O(19)
