event_id,time_s,metric,baseline,candidate,delta,same_snapshot_time,baseline_snapshot_time_s,candidate_snapshot_time_s
D2_B_I2,106.033323,full_confirmed_wrong_surface,36.0,34.0,-2.0,False,105.999989,104.733334
D2_B_I2,106.033323,common_confirmed_wrong_surface,36.0,34.0,-2.0,False,105.999989,104.733334
D2_B_I2,107.033334,full_confirmed_wrong_surface,36.0,34.0,-2.0,False,105.999989,104.733334
D2_B_I2,107.033334,common_confirmed_wrong_surface,36.0,34.0,-2.0,False,105.999989,104.733334
D2_B_I2,124.233323,full_confirmed_wrong_surface,103.0,36.0,-67.0,False,123.866678,123.466667
D2_B_I2,124.233323,common_confirmed_wrong_surface,103.0,36.0,-67.0,False,123.866678,123.466667
D2_B_I2,125.233356,full_confirmed_wrong_surface,103.0,36.0,-67.0,False,123.866678,123.466667
D2_B_I2,125.233356,common_confirmed_wrong_surface,103.0,36.0,-67.0,False,123.866678,123.466667
D2_B_I2,126.266667,full_confirmed_wrong_surface,103.0,96.0,-7.0,False,123.866678,125.999989
D2_B_I2,126.266667,common_confirmed_wrong_surface,103.0,96.0,-7.0,False,123.866678,125.999989
D3_AB_I10,101.966667,full_confirmed_wrong_surface,215.0,218.0,3.0,False,101.799989,99.666656
D3_AB_I10,101.966667,common_confirmed_wrong_surface,216.0,219.0,3.0,False,101.799989,99.666656
D3_AB_I10,117.133334,confirmed_wrong_surface,34.0,35.0,1.0,False,116.633323,115.366667
D3_AB_I10,117.133334,full_confirmed_wrong_surface,215.0,219.0,4.0,False,116.633323,115.366667
D3_AB_I10,117.133334,common_confirmed_wrong_surface,216.0,220.0,4.0,False,116.633323,115.366667
D3_AB_I10,118.166667,confirmed_wrong_surface,34.0,35.0,1.0,False,116.633323,115.366667
D3_AB_I10,118.166667,full_confirmed_wrong_surface,215.0,220.0,5.0,False,116.633323,115.366667
D3_AB_I10,118.166667,common_confirmed_wrong_surface,216.0,221.0,5.0,False,116.633323,115.366667
D3_AB_I10,126.266667,confirmed_wrong_surface,38.0,35.0,-3.0,False,123.866678,125.999989
D3_AB_I10,126.266667,full_confirmed_wrong_surface,226.0,191.0,-35.0,False,123.866678,125.999989
D3_AB_I10,126.266667,common_confirmed_wrong_surface,227.0,192.0,-35.0,False,123.866678,125.999989
D3_AB_I10,126.266667,background_nearest,14.0,11.0,-3.0,False,123.866678,125.999989
D3_AB_I10,127.266667,full_confirmed_wrong_surface,192.0,189.0,-3.0,False,126.833334,125.999989
D3_AB_I10,127.266667,common_confirmed_wrong_surface,193.0,190.0,-3.0,False,126.833334,125.999989
D3_AB_I10,127.266667,object_nearest,44.0,45.0,1.0,False,126.833334,125.999989
D3_AB_I10,127.266667,background_nearest,12.0,11.0,-1.0,False,126.833334,125.999989
D3_AB_I10,128.3,full_confirmed_wrong_surface,195.0,192.0,-3.0,False,126.833334,125.999989
D3_AB_I10,128.3,common_confirmed_wrong_surface,196.0,193.0,-3.0,False,126.833334,125.999989
D3_AB_I10,128.3,object_nearest,44.0,45.0,1.0,False,126.833334,125.999989
D3_AB_I10,128.3,background_nearest,12.0,11.0,-1.0,False,126.833334,125.999989
D3_AB_I10,129.333334,full_confirmed_wrong_surface,195.0,192.0,-3.0,False,126.833334,125.999989
D3_AB_I10,129.333334,common_confirmed_wrong_surface,196.0,193.0,-3.0,False,126.833334,125.999989
D3_AB_I10,129.333334,object_nearest,44.0,45.0,1.0,False,126.833334,125.999989
D3_AB_I10,129.333334,background_nearest,12.0,11.0,-1.0,False,126.833334,125.999989
D3_AB_I10,132.366656,confirmed_wrong_surface,26.0,28.0,2.0,False,131.5,129.366667
D3_AB_I10,132.366656,full_confirmed_wrong_surface,190.0,191.0,1.0,False,131.5,129.366667
D3_AB_I10,132.366656,common_confirmed_wrong_surface,191.0,192.0,1.0,False,131.5,129.366667
D3_AB_I10,132.366656,object_nearest,47.0,44.0,-3.0,False,131.5,129.366667
D3_AB_I10,132.366656,background_nearest,9.0,12.0,3.0,False,131.5,129.366667
D3_AB_I18,124.233323,full_confirmed_wrong_surface,66.0,2.0,-64.0,False,123.866678,123.466667
D3_AB_I18,124.233323,common_confirmed_wrong_surface,66.0,2.0,-64.0,False,123.866678,123.466667
D3_AB_I18,125.233356,full_confirmed_wrong_surface,66.0,2.0,-64.0,False,123.866678,123.466667
D3_AB_I18,125.233356,common_confirmed_wrong_surface,66.0,2.0,-64.0,False,123.866678,123.466667
D3_AB_I18,126.266667,full_confirmed_wrong_surface,66.0,73.0,7.0,False,123.866678,125.999989
D3_AB_I18,126.266667,common_confirmed_wrong_surface,66.0,73.0,7.0,False,123.866678,125.999989
D3_AB_I2,104.0,confirmed_wrong_surface,96.0,81.0,-15.0,False,103.899989,102.233323
D3_AB_I2,104.0,full_confirmed_wrong_surface,302.0,264.0,-38.0,False,103.899989,102.233323
D3_AB_I2,104.0,common_confirmed_wrong_surface,304.0,264.0,-40.0,False,103.899989,102.233323
D3_AB_I2,104.0,object_nearest,79.0,53.0,-26.0,False,103.899989,102.233323
D3_AB_I2,104.0,background_nearest,42.0,53.0,11.0,False,103.899989,102.233323
D3_AB_I2,122.2,full_confirmed_wrong_surface,301.0,302.0,1.0,False,120.866667,120.433334
D3_AB_I2,122.2,common_confirmed_wrong_surface,303.0,304.0,1.0,False,120.866667,120.433334
D3_AB_I2,123.2,full_confirmed_wrong_surface,302.0,303.0,1.0,False,120.866667,120.433334
D3_AB_I2,123.2,common_confirmed_wrong_surface,304.0,305.0,1.0,False,120.866667,120.433334
D3_AB_I2,124.233323,full_confirmed_wrong_surface,304.0,306.0,2.0,False,123.866678,123.466667
D3_AB_I2,124.233323,common_confirmed_wrong_surface,306.0,308.0,2.0,False,123.866678,123.466667
D3_AB_I2,124.233323,object_nearest,78.0,77.0,-1.0,False,123.866678,123.466667
D3_AB_I2,124.233323,background_nearest,47.0,48.0,1.0,False,123.866678,123.466667
D3_AB_I2,125.233356,full_confirmed_wrong_surface,300.0,302.0,2.0,False,123.866678,123.466667
D3_AB_I2,125.233356,common_confirmed_wrong_surface,302.0,304.0,2.0,False,123.866678,123.466667
D3_AB_I2,125.233356,object_nearest,78.0,77.0,-1.0,False,123.866678,123.466667
D3_AB_I2,125.233356,background_nearest,47.0,48.0,1.0,False,123.866678,123.466667
D3_AB_I2,126.266667,confirmed_wrong_surface,100.0,99.0,-1.0,False,123.866678,125.999989
D3_AB_I2,126.266667,full_confirmed_wrong_surface,301.0,302.0,1.0,False,123.866678,125.999989
D3_AB_I2,126.266667,common_confirmed_wrong_surface,303.0,304.0,1.0,False,123.866678,125.999989
D3_AB_I2,126.266667,background_nearest,47.0,46.0,-1.0,False,123.866678,125.999989
D3_AB_I2,127.266667,full_confirmed_wrong_surface,301.0,302.0,1.0,False,126.833334,125.999989
D3_AB_I2,127.266667,common_confirmed_wrong_surface,303.0,304.0,1.0,False,126.833334,125.999989
D3_AB_I2,128.3,full_confirmed_wrong_surface,301.0,302.0,1.0,False,126.833334,125.999989
D3_AB_I2,128.3,common_confirmed_wrong_surface,303.0,304.0,1.0,False,126.833334,125.999989
D3_AB_I2,129.333334,full_confirmed_wrong_surface,301.0,302.0,1.0,False,126.833334,125.999989
D3_AB_I2,129.333334,common_confirmed_wrong_surface,303.0,304.0,1.0,False,126.833334,125.999989
D3_AB_I2,132.366656,confirmed_wrong_surface,96.0,95.0,-1.0,False,131.5,129.366667
D3_AB_I2,132.366656,full_confirmed_wrong_surface,291.0,289.0,-2.0,False,131.5,129.366667
D3_AB_I2,132.366656,common_confirmed_wrong_surface,293.0,291.0,-2.0,False,131.5,129.366667
D3_AB_I2,132.366656,object_nearest,79.0,78.0,-1.0,False,131.5,129.366667
D3_AB_I2,132.366656,background_nearest,45.0,46.0,1.0,False,131.5,129.366667
D3_AB_I2,133.366667,confirmed_wrong_surface,96.0,93.0,-3.0,False,131.5,133.2
D3_AB_I2,133.366667,full_confirmed_wrong_surface,291.0,283.0,-8.0,False,131.5,133.2
D3_AB_I2,133.366667,common_confirmed_wrong_surface,293.0,285.0,-8.0,False,131.5,133.2
D3_AB_I2,133.366667,background_nearest,45.0,42.0,-3.0,False,131.5,133.2
D3_AB_I2,134.366678,confirmed_wrong_surface,95.0,92.0,-3.0,False,134.033334,133.2
D3_AB_I2,134.366678,full_confirmed_wrong_surface,285.0,278.0,-7.0,False,134.033334,133.2
D3_AB_I2,134.366678,common_confirmed_wrong_surface,287.0,280.0,-7.0,False,134.033334,133.2
D3_AB_I2,134.366678,object_nearest,80.0,79.0,-1.0,False,134.033334,133.2
D3_AB_I2,134.366678,background_nearest,41.0,42.0,1.0,False,134.033334,133.2
