序号,编号,位置,谱系机制,当前硬判定及作用,真实需求,统一模型中的量,概率推广计划,相关判定与验证,依赖或未识别量,修改范围,状态,尝试次数,提交,保留或回退依据,对照记录,主导核心组,实施优先级,核心锚点,统一依赖记录
1,P01,session_update_baseline/session_core/src/state/persistent_object_state.cpp:isHighMobility及P01计数、交接、DSG details读写支撑位置;session_update_baseline/session_core/include/session_core/state/persistent_object_state.h:PhysicalState的P01计数与概率声明,S14,运动历史标志 OR 任一关闭片段 OR 可移动类别表 -> high_mobility；该标志也由closeCurrent置位，关闭片段也含未决归档,静态衣柜另一面可补全；移动椅子旧位置不并回；类别只给先验,M2: q_l 的类别层次先验及物体历史后验,README M2a第三版：有限类别方向意见及层次先验不变，只把持续样本限定为已解决的竞争状态关系；直接同状态表面补全不计转移机会。,逐身份比较 TOP_ABSORB/SESSION_ABSORB/FINALIZE/MATERIALIZE/SAME_STATE，衣柜补全面和椅子旧址均须核查,"a_c,b_c 与有效变化/延续机会需在本条试验中定义并记录；运动标志与关闭不得重复计数，归档和空几何区间不得冒充物理移动/持续样本。统计尚未识别不阻塞第二、三步文档交付。",project_algorithm,保留（第3次 884dd6a）；同轮先验读取顺序已由 P09 第3次修正,3,92daf441172078bab20287819fa9aaffaf8381e1;revert=a135b654388b6731f3df0887a13fde7ea4535605;attempt2=656947e80236d1bf6ecba20305caaafd1576e8c6;revert2=74fbd232545e11868b5ac420e8a82da05a1f8b19;attempt3=884dd6a0fcedcb53ea4ab22c4a75243d8e2163af,第3次884dd6a保留：真实A34项一致；B15项在既定容差、D2=2/0/0、D3=15/0/1、ghost=3.66%；共同输出时刻GT残影一致。摄取/关闭/终局合并序列一致，回调顺序差异有记录，椅子提前检测获GT支持。Bonn三段及TUM精确一致；3RScan动作一致、几何在原容差。前两次失败均已revert。；2026-10-04联合复审：仅对换两物体ID即可令目标q从0.75变0.5并改变终局几何，原因是本轮动作即时写入后来物体先验。未改源码、未消耗新代码试验；先统一事件级历史读取，再处理动作风险。；联合快例另证实主/子状态所有权令同一A→B1→B2路径导出运动次数2vs1、q0.875vs0.833333。先验历史守恒为下一核心，尚无新P01代码。；2026-10-04：联合复审的编号顺序依赖（同一事件内先处理的身份改写后处理者的 q）由 P09 第3次 7cd19e7 的事件边界快照消除，编号置换快例不变；M2a 公式与先验质量不变。,reports/rewrite_goal/current_comparison_baseline.json;reports/rewrite_goal/P01_attempt01_20261003.json;reports/rewrite_goal/P01_attempt02_20261003.json;reports/rewrite_goal/P01_attempt03_20261003.json；synthetic_reference_validation_20261003.json：累计同源码合成97项无固定门退化，不替代单条归因或严格复审;reports/rewrite_goal/P01_P09_identity_renaming_trace_20261004.json;reports/rewrite_goal/joint_inference_contract_20261004.json;reports/rewrite_goal/P01_P12_history_conservation_preflight_20261004.json;reports/rewrite_goal/P01_P12_history_export_fixture_20261004.json,F0 共同先验的观测时序,0：短前置修复,是,reports/rewrite_goal/core_priority_plan_20261004.json；联合离线基准：joint_path_reference_20261004.json；位置充分性反例：joint_measurement_sufficiency_20261004.json（非生产候选，未新增保留）
2,P02,"session_update_baseline/session_core/src/state/persistent_object_state.cpp:79-102,594-605;session_update_baseline/session_core/include/session_core/state/persistent_object_state.h:ingestObservation私有声明（读取已有实例先验，去掉static）",S03,共享任一体素即 same_session_overlap,原位多视角累计；部分重叠的搬动不能并集,"M1: P(a=same_state|surfaces,measurements)",README M1c：每占据体素一个代表，积分一格量化相位得到对应概率；保留最佳对应及至少一个共享支持，将软证据与P01先验作后验比较。,INGEST_DECIDE 的每个片段、合并顶点和候选归属,P01；现有网格关联概率的标定,project_algorithm,保留,1,8c01867023b1416e1f011c4bafb1a581ff132ebc;compile_declaration_fix=6c234a9adab5c73eecd5712383e089c973bfdd9d,第1次保留：25项测试通过；B82次相关概率门及129条摄取/2关闭/13终局判定一致；15指标在既定容差，D2=2/0/0，D3=15/0/1，ghost=3.66%；三个异步片段边界与初始基线时序一致，已记录P01椅子瞬时更早检测。Bonn全部时刻评分及逐身份事件一致；3RScan逐物体/D3一致、几何在原容差。B551.47s对上一版553.03s。真实A及零调用TUM直接复用。,reports/rewrite_goal/P02_attempt01_20261003.json;reports/rewrite_goal/P02_attempt01_real_b_comparison_20261003.json;reports/rewrite_goal/current_comparison_baseline.json；synthetic_reference_validation_20261003.json：累计同源码合成97项无固定门退化，不替代单条归因或严格复审,C2 状态与输出的共同决策,1：与C1联动主攻,否,reports/rewrite_goal/core_priority_plan_20261004.json
3,P03,session_update_baseline/session_core/src/state/persistent_object_state.cpp:112-135,S11,一格扩张 AABB 相交/分离 -> different_site,衣柜同址背面不能独自触发接管；新址已建立时应更新当前位置,M1: 同址/异址的几何似然,README M1d：沿用M1c一格均匀相位，对AABB间隙没有格界的事件积分；同一q与M3后验比较，平票同址；原无支持/缺席保护不变。,TOP_SAME_SITE_CANDIDATE/TOP_CLOSE/SESSION_CLOSE,相交只作粗对应，不能冒充完整包含或真实测量,project_algorithm,保留,1,51eaddb92d28f2f622da36a6fe4028f7f1316d7f,第1次保留：25项测试通过；B唯一异址门、152片段/129摄取/2关闭/13终局记录一致；52共同原生GT行一致，15指标在原容差，D2=2/0/0，D3=15/0/1，ghost=3.66%。I2/I1两个异步片段边界有记录；9条同刻GT差异无确认或保守残影增加。Bonn placing全部输出和动作一致；3RScan B逐物体/D3一致、几何在容差。B723.16s对前次551.47s，未调参数；A及零调用数据复用。,reports/rewrite_goal/P03_attempt01_20261003.json;reports/rewrite_goal/P03_attempt01_real_b_comparison_20261003.json;reports/rewrite_goal/P03_validation_scope_20261003.json;reports/rewrite_goal/current_comparison_baseline.json；synthetic_reference_validation_20261003.json：累计同源码合成97项无固定门退化，不替代单条归因或严格复审,C2 状态与输出的共同决策,1：与C1联动主攻,否,reports/rewrite_goal/core_priority_plan_20261004.json
4,P04,session_update_baseline/session_core/src/state/persistent_object_state.cpp;session_update_baseline/session_core/include/session_core/state/persistent_object_state.h;session_update_baseline/session_core/src/evidence/projected_physical_evidence.cpp;session_update_baseline/session_core/include/session_core/evidence/physical_evidence_store.h;session_update_baseline/session_core/src/adapters/backend_session.cpp：observedEmptySince及该门所需的现有校准似然传递,"S10,S23",seen_through>0 AND seen_through==judged AND support==0,重叠的新址不能吸进被看空的旧状态；可靠在位样本保护部分视图,M1: 区间内旧状态仍在/已空的联合似然,README M1e：使用现有同一Beta校准的有限样本Beta-binomial似然，按原fresh权重与片段时间窗累计；同一q和原观测为空的99赔率准则。原投影身份正支持仍作为同一似然中的在位条件，不重复当独立样本；投影分类本身属于P18。,INGEST_DECIDE contradicted、后续 current/candidate 几何,P02；不得改变时间窗口或重复累计计数,project_algorithm,保留,2,a511528def49a957bcb20d97dcc26da83d3625ce;revert=07694ee414237cd37c1b1fba6a2839702e295784;attempt2=b14633f0ccf86ed4a12ed4e63439e0b0ef669ba7,第1次测试K失败已revert；第2次25项测试通过。B152摄取/129判定/2关闭/13终局一致，58共同GT行一致，同快照残影差异0，15最终指标对P03与48a均在原门内。I2一个12696顶点片段的输出回调边界已归因；B612.17s对前次723.16s。Bonn三组逐物体/全时刻分数一致，moving覆盖无支持的有限似然负例。A、3RScan与TUM按范围证明复用。计数接口仍是原确定性边界，不声称已概率化。,reports/rewrite_goal/P04_attempt01_20261003.json;reports/rewrite_goal/P04_attempt02_20261003.json;reports/rewrite_goal/P04_attempt02_real_b_comparison_20261003.json;reports/rewrite_goal/P04_attempt02_validation_scope_20261003.json;reports/rewrite_goal/current_comparison_baseline.json；synthetic_reference_validation_20261003.json：累计同源码合成97项无固定门退化，不替代单条归因或严格复审,C2 状态与输出的共同决策,1：与C1联动主攻,否,reports/rewrite_goal/core_priority_plan_20261004.json
5,P05,session_update_baseline/session_core/src/state/persistent_object_state.cpp:401,"S16,O10e",可靠样本数<30时 sessionCopyElsewhere 直接否决,新址足够建立才能取代继承几何，避免一个轮廓小片切走整物体,P(S)∝(1−q)v，P(M)∝qvB_{M:S}，P(U)∝(1−v)L_{U:N}；接任当且仅当 qB>(1−q)+((1−v)/v)L_{U:N},README M1f：在原可靠空间样本量上建立泊松覆盖强度似然，原K30为建立尺度；受约束似然比与同一q及几何关联风险比较。P06/P07不改。,SAME_STATE copy_reliable、MATERIALIZE、交接时刻,P01；小样本误差分布需从现有记录识别,project_algorithm,保留（第4次：S/M/U 单一后验接任，30 与 AND 退出生产判定）,4,0529d0d6e6c63d547044dcf296834684c6188fcf;revert=30fdb6e16c45ab968d61d0fdf50b4311622018a4;attempt2=95a73a4709685ca83bf1b3403d6564e84f0e0fe1;attempt3=9a26d79795966b760359b2accb0473408d392b22;revert3=d9bf23c096660f3da8909ea2b0da5398e5905310；e98ebd6（第4次）,第1次混合不同采样计数并套用99赔率，n30/f0.6现有用例失败，已revert。第2次25测试通过；3RScanB20查询/逐物体/D3一致、几何过门。B337查询与主动作一致；重复吸收日志为无候选no-op；15指标通过、51共同GT行一致。四处片段提前输出造成12条同戳残影差异（含I11确认+8/I13未定+2），未声称改善，按判定一致及原最终门验收；不重复跑以选择调度。B640.16s对612.17s，A复用。；第3次先对被测片段计算原判定，再变更状态，终局复用该事件判定；25原测试通过，四个快回放顺序一致，三类原生命周期及ID置换原输出不变。尚未固定数据验收，不计新增保留；未解决联合归一化/P01/P08。；第3次真实B R97.82较P18低0.40pp、F198.59低0.22pp，I11三个同输出GT残影+8、I2三个+1，严格不通过，已git revert。合成97项数值及12完整快照完全一致不能豁免真实失败；不调参、不重跑挑时序。；2026-10-04 闭合模型（README 1.1）：M1f 是 N 的覆盖组 Y_N^cov 的似然比，回答“N 是否已重建成能承载身份的表面”，与位置组 M1h 分开、不相乘；泊松轮廓似然的近似如实列入 README。第3次候选的回退依据为异步时序下的 R/F1 波动，不再试。；2026-10-04 第4次（用户指出 q 同时作“换状态”与“已建立”的先验、两条件 AND 无推导）：在 S/M/U 上做单一判定，接任在 S、U 下都错，同一表面损失，接任当且仅当 qB_{M:S}>(1−q)+((1−v)/v)L_{U:N}；L_{U:N} 为 N 自己表面上缺席检验逐次似然比之积（无效副本是被看穿的表面），v 无实测率取无差别值 1/2；U 的几何取 M1h 无约束参照模型（因子 1）；B 的上界 2 仍用于精确提前返回。无标定观测通道的调用（单元夹具）沿用原计数契约（同 observedEmptySince）。验收 P05_attempt04r_20261004（首轮 P05_attempt04 真实 B 建图在位姿图优化后卡死 300 s，按协议重试；Bonn moving 同样卡死后在 P05_attempt04r2 重试）：25 测试、生命周期夹具一致、编号置换夹具等于 P09 第3次输出；在线逐次对照真实 B 395 次接任判断与旧规则全同（4 接任/391 不接任），合成 213 次全同（3/210）；真实 B 82、合成 239、3RScan 29 条决策流与对照一致，其余差异仅为已删除的中间量 COPY_ESTABLISHED；固定指标真实 B 30 项、合成 97 行、3RScan、Bonn placing/removing 通过（moving/TUM 见 r2）。；Bonn moving 在 P05_attempt04r2 重试后与 48a3033 全同；TUM 在清理 FastDDS 僵尸共享内存后于 P05_attempt04r4 通过（此前 3 次卡死都在优化器输出之后、播放器等待 ACK，属 DDS 数据流中断；TUM 不执行本改动的代码）。,reports/rewrite_goal/P05_attempt01_20261003.json;reports/rewrite_goal/P05_attempt02_20261003.json;reports/rewrite_goal/P05_attempt02_real_b_comparison_20261003.json;reports/rewrite_goal/P05_attempt02_validation_scope_20261003.json；synthetic_reference_validation_20261003.json：累计同源码合成97项无固定门退化，不替代单条归因或严格复审;reports/rewrite_goal/P05_attempt03_conditioning_20261004.json;reports/rewrite_goal/P05_attempt03_fastcheck_20261004.json;reports/rewrite_goal/P05_attempt03_disposition_20261004.json;reports/rewrite_goal/P05_attempt03_synthetic_validation_20261004.json；reports/rewrite_goal/P05_attempt04r_20261004_metrics.json;reports/rewrite_goal/P05_attempt04r2_20261004_metrics.json,C1 联合测量与可靠性,1：主攻，和C2共同设计,是,reports/rewrite_goal/core_priority_plan_20261004.json；联合离线基准：joint_path_reference_20261004.json；位置充分性反例：joint_measurement_sufficiency_20261004.json（非生产候选，未新增保留）
6,P06,session_update_baseline/session_core/src/state/persistent_object_state.cpp:offStateShare;session_update_baseline/session_core/include/session_core/state/persistent_object_state.h:offStateShare只读分辨率访问声明,S16,每个新址顶点距旧表面<=0.10m则near，否则off,近邻重建误差不能算搬走；真正不同表面提供换状态证据,M1: p(distance|same_state) 与 p(distance|changed),README M1g：原T=0.10m保持状态容差；已有地图分辨率r给出两表面径向均匀离散误差之差，积分三角CDF得到对应概率；T+r搜索支持由噪声分布导出，不新增调参或截断。,SAME_STATE off_share，以及对象几何差异,P02；顶点相关性与状态表面误差分布,project_algorithm,保留（第1次 M1g；第2次 01e92b3 搜索顺序，输出不变）,2,e2526a5a1ecff1b73323f0ebfa32e2901cc944a8；attempt2=01e92b3,25测试和3RScan20查询通过；真实B331查询0翻转、主状态动作一致；50共同GT行一致，15最终门通过。I6/I2/I10三个输出相同片段晚一回调，I2三次残影各+1，保留记录；非GT改善、非调参。；第2次 01e92b3 保留：M1g 最近点搜索先查顶点自身格。没有确定半径内的点时最小值仍遍历全部 27 格，有则概率为一且硬判定一致，故硬/软离址比例、有效格数与所有判定按构造不变（两个快例、25 项测试不变；final3 真实 B 90/92、合成 184/184+255/255、3RScan 34/34、Bonn 全一致）。效果：真实 C 每轮 offStateShare 总耗时由约 124 s 降至约 58 s，真实 B 约 1 s（1d6ebc3 约 3 s）；真实 C 唯一快照由 49/56 恢复到 61（48a3033 为 61），时长加权 Object P 由 98.72 回到 98.97。此前 C 的指标差完全来自变化检测轮变慢导致的快照稀疏：同时刻 GT 行逐一相同（同日 48a3033 算法在 C 上为 98.92/66 快照）。无参数或常数改变。,reports/rewrite_goal/P06_attempt01_real_b_comparison_20261003.json;reports/rewrite_goal/P06_attempt01_real_b_metric_comparison_20261003.csv;reports/rewrite_goal/kept_patch_design_rationale_20261003.json；synthetic_reference_validation_20261003.json：累计同源码合成97项无固定门退化，不替代单条归因或严格复审；reports/rewrite_goal/final3_20261004_metrics.json;final3r_20261004_metrics.json;ref48_c_20261004_metrics.json,C1 联合测量与可靠性,1：主攻，和C2共同设计,否,reports/rewrite_goal/core_priority_plan_20261004.json
7,P07,session_update_baseline/session_core/src/state/persistent_object_state.cpp:sessionCopyElsewhere/offStateShare相关性摘要;session_update_baseline/session_core/include/session_core/state/persistent_object_state.h:私有摘要参数,S16,off_share>0.5 -> elsewhere,新位置建立后旧位置不能留残影；衣柜新视角不能错换,M3: prior(q_l) × 两假设几何似然比,README M1h：同一M1g软比例及r格相关性给出分数Beta参考似然；新视角允许全区间，换址限制多数事件，BF=2×后验多数概率；与同一个q比较，删除此处类别/高机动二值许可。,SAME_STATE elsewhere、每个实例交接和残影,"P01,P05,P06；须保留旧址未重观测时可接管的需求",project_algorithm,保留（第1次 M1h；第3次 443f4a7 精确提前终止）,3,2f43584986cc1487da56e66acdd49d0b79b48707；attempt3=443f4a7,668真实B及36次3RScan后验查询0翻转，25测试/15最终门通过，40共同GT行一致。I2早到片段触发现有并集、I13关闭晚0.433334s、I11三次未定点+2，完整记录非GT改善；数学复合近似仍公开。；第2次归一化删失高斯候选d7cf01a全量B最终15门通过但同输出I11三次确认残影+8、I2三次+1，严格回退；未用时序豁免、未调参。；2026-10-04 闭合模型（README 1.1）：M1h 是 N 的位置组 Y_N^geo 的似然比 B_{M:S}≤2，与覆盖组分开；接任须两组都支持（logit q+ℓ_E>0 且 qB>1−q），同一 q 只出现一次。分数似然的近似如实列入 README。；第3次 443f4a7 保留：接任要求覆盖后验 logit q+ℓ_E>0 与几何后验 qB>1−q 同时成立，且 B≤2；未建立或 2q≤1−q 时几何不可能改变判定，故不再计算离址比例（与 M1i/M1j/M1k 相同的精确提前终止）。判定按构造不变：final2 真实 B 决策流 90/92 一致（余 2 为已知 I2 异步）、合成 A 184/184、B 255/255、3RScan 34/34、Bonn 全一致，0 次先验翻转。效果在运行时间：此前 P05/P07 对所有继承物体每轮计算离址比例（含 q≤1/3 的静态类，原 48a3033 只在高机动且可靠样本≥30 时计算），首轮同版本 A→B→C 中 sessionCopyElsewhere 扫描的拷贝顶点有 72%（B）/50%（C）不可能影响判定，每轮证据/状态时间是 1d6ebc3 的 1.8 倍；第3次后真实 B 每轮中位 0.75 s（1d6ebc3 0.70 s、修改前 1.27 s），C 唯一快照由 49 增至 56。无参数或常数改变。,reports/rewrite_goal/P07_attempt01_real_b_comparison_20261003.json;reports/rewrite_goal/kept_patch_design_rationale_20261003.json;reports/rewrite_goal/mathematical_unification_audit_20261003.json;reports/rewrite_goal/P07_attempt02_disposition_20261003.json；synthetic_reference_validation_20261003.json：累计同源码合成97项无固定门退化，不替代单条归因或严格复审；reports/rewrite_goal/final2_acceptance_summary_20261004.json;final2_20261004_metrics.json;final2r_20261004_metrics.json,C1 联合测量与可靠性,1：主攻，和C2共同设计,是,reports/rewrite_goal/core_priority_plan_20261004.json；联合离线基准：joint_path_reference_20261004.json；位置充分性反例：joint_measurement_sufficiency_20261004.json（非生产候选，未新增保留）
8,P08,session_update_baseline/session_core/src/state/persistent_object_state.cpp:materialize及M1h纯计算抽取;session_update_baseline/session_core/include/session_core/state/persistent_object_state.h:私有M1h函数声明,"S15,S20",物化时 high_mobility/shared/inherited_absent/sessionCopyElsewhere 的硬合并许可,任何在线输出时刻都不能出现旧址∪新址伪并集,M3: 物化动作的同状态后验,README M1i：物化复用M1h的同一几何因子和q，按对称拼合/暂存风险比较；原缺席保护不变；B<=2给出精确提前终止，不新增经验阈值。,MATERIALIZE 及所有输出时刻的实体几何,"P01,P02,P07；同址关系必须与最终状态一致",project_algorithm,保留（第1次 M1i）；第2次被既有测试否定；第3次（并集再要求 p_U<=1/2）GT 变差已 revert,3,36f1718ef7af18f1abebbe82136c0b5643c181dc；第3次 b87e8ec revert 5460573,"356次中353次一致；I10/I3/I13三次非法跨状态并集改暂存，GT均搬动，原B几何下一输出完整出现(约2.1s)。官方三行不变、同快照确认残影无增加，15实B门/25测试/3RScan通过。暂时新位置覆盖下降及I2未定残影+2如实记录，无调参。；75f74c8撤回试验恢复三处B表面，但召回97.98较P18低0.24pp且I2确认残影+1，故再次git revert恢复此前源码；不调参、不重跑挑时序；M1i动作损失问题仍未解决。；2026-10-04 第2次（无约束贝叶斯显示：M 为 MAP 且 B 可承载身份时先显示 B）构建后既有测试 physical_presence_recursion 失败：“inherited I10 site is current until contradicted: wrong current location”。该测试固定了原需求 S20——在线输出是已提交状态的投影，接任提交前 CURRENT 仍是继承状态；加上 S15 不得跨状态并集，可行显示集只有 {并集, 只旧}，并集只在 S 为 MAP 时可行，于是 M1i（1−q≥qB 时并集，否则只旧）就是该可行集内的贝叶斯动作。第2次未提交、无需 git revert；源文件以 HEAD 内容复原并重建。此前联合复审“只旧被并集支配”的结论只在无约束动作集成立，已在 README 1.1 动作4写明。；2026-10-04 第3次：显示拆成两个判定。(i) 关联：S15 约束的是两个有效状态之间的关系，在 N 有效的条件下只有 S/M，单位关联损失给出 1−q≥qB（原式，现写明条件）；(ii) 显示：在可行集{并集,只旧}内 R_A−R_∪=(1−2p_U)b，并集还需 ((1−v)/v)L_{U:N}≤(1−q)+qB。真实 B 394 次并集显示中 220 次变为只旧，被挡的 1/6/14/16/17 在 GT 中都静止（D3 unchanged），并集才是正确显示，改变全部 GT 变差，未跑完即撤回。原因：U 项读副本自己的缺席逐次似然比，新副本上的在位模型对真实存在的表面也给出偏缺席的比值（inst 6 六次观测后 L_U=11.0，inst 17 为 2.58），q≈0.96 时并集要求 ((1−v)/v)L_U≤0.04。结论：(ii) 的推导成立，但 L_U 需先校准在位模型（P26/P27），v 应从数据估（真实 B、合成、3RScan 共 30 个副本，无一个被自身观测判为无效）；之后再试。",reports/rewrite_goal/P08_attempt01_real_b_comparison_20261003.json;P08_attempt01_changed_output_GT_geometry_20261003.json;kept_patch_design_rationale_20261003.json;P08_withdrawal_disposition_20261003.json;P08_replacement_action_contract_20261003.json；synthetic_reference_validation_20261003.json：累计同源码合成97项无固定门退化，不替代单条归因或严格复审；session_update_baseline/runs/rewrite_goal_P08_attempt03_20261004/real_b/control/logs/khronos.log（MATERIALIZE_POSTERIOR 含 legacy_same_site）,C2 状态与输出的共同决策,1：与C1联动主攻,是,reports/rewrite_goal/core_priority_plan_20261004.json；联合离线基准：joint_path_reference_20261004.json；位置充分性反例：joint_measurement_sufficiency_20261004.json（非生产候选，未新增保留）
9,P09,session_update_baseline/session_core/src/state/persistent_object_state.cpp:finalizePendingAbsences same_site,"S15,S18",终局 same_site = !isHighMobility || shared>0,静态多视角最终补全；异址未决归档而非并集,M3: finalize 的同状态合并/暂存后验,README M1j：终局消费与物化相同M1h因子和q/M3风险，保留原缺席、交接、归档及历史；B<=2只作精确提前终止。,FINALIZE、最终对象网格与未决归档,"P01,P02,P07",project_algorithm,保留（第3次）：事件边界读取持续性先验,3,33c3db26deb997af8efd546cd5a2802ceafff211；attempt3=7cd19e7,实B13次/3RScan10次终局比较均与原规则一致，主状态事件/最终完整输入相同；25测试、15真实指标、9几何门通过。4个中间回调差异含I10一次漏检已记录，同快照残影一致。无调参。；2026-10-04联合复审：仅对换两物体ID即可令目标q从0.75变0.5并改变终局几何，原因是本轮动作即时写入后来物体先验。未改源码、未消耗新代码试验；先统一事件级历史读取，再处理动作风险。；第二次bcf3829修复同轮身份顺序依赖，25原测试/3RScan9快照/合成97指标12快照通过，真实B13终局相同，但R97.88较当前对照98.22下降0.34pp超门，42d8596 git revert；异步输出时刻及残影差异全部保留，不重跑挑时序，不新增保留。；第3次 7cd19e7 保留：每轮变化检测开始冻结各身份已解决的变化/延续计数与类别，验证、摄取/物化、终结都读事件快照（README M2a 读取时刻）。编号置换快例由“目标先处理 q=0.75 归档/证人先处理 q=0.5 合并”变为两种编号结果相同；生命周期快例不变；25 项测试通过。真实 B：92 条逐身份逐判定位置的决策流 90 条与同源码对照 control_r2 逐值一致，余 2 条为 I2 的 9153 点片段早于旧址看空一轮到达（异步，P07/P09 第二次记录同现象），806 次依赖 q 的判定用日志中的 live_q 重算无一翻转；合成 B 255/255、3RScan 34/34、Bonn placing/removing/moving 15/3/9 全一致、TUM 一致。固定指标全部在 48a3033 的 0.2pp 内：真实 B Object P/R/F1 99.44/98.07/98.73、D2 2/0/0、D3 15/0/1、残影 3.66%、G1 F1@5 97.05；合成 97 行最大变化 +0.02pp；3RScan 与 Bonn/TUM 指标同基线。建图 540 s（三个建图器并行，对照单独 505 s）。设计来自算法（事件条件化），未动任何参数。上一次第2次回退的依据是 Object R 相对 P18 偶然高值 98.22 下降 0.34pp，而同源码重复运行 R 为 98.18/98.22、历史 21 次在 97.82–98.22 间波动，属输出时刻异步噪声。,reports/rewrite_goal/P09_attempt01_real_b_comparison_20261003.json;P09_attempt01_real_b_callback_order_20261003.json;kept_patch_design_rationale_20261003.json；synthetic_reference_validation_20261003.json：累计同源码合成97项无固定门退化，不替代单条归因或严格复审;reports/rewrite_goal/P01_P09_identity_renaming_trace_20261004.json;reports/rewrite_goal/joint_inference_contract_20261004.json;reports/rewrite_goal/P09_attempt02_disposition_20261004.json；reports/rewrite_goal/P09_attempt03_20261004_run.json;P09_attempt03_20261004_metrics.json;P09_attempt03b_20261004_metrics.json;runs/rewrite_goal_P09_attempt03_20261004/decisions_*.json,C2 状态与输出的共同决策,1：与C1联动主攻,是,reports/rewrite_goal/core_priority_plan_20261004.json；联合离线基准：joint_path_reference_20261004.json；位置充分性反例：joint_measurement_sufficiency_20261004.json（非生产候选，未新增保留）
10,P10,session_update_baseline/session_core/src/state/persistent_object_state.cpp:SESSION_ABSORB;session_update_baseline/app/test_hidden_change_session_equivalence.cpp:非空候选行为验证,"S08,S15",SESSION_ABSORB 的 !high_mobility || geom>0,本会话移动后的候选不被当前旧址吸回；静态背面保留,M3: 本会话吸收的同状态后验,README M1k第二次：实际支持CURRENT是测量，候选是解释该测量的形状；同一M1g/M1h因子按CURRENT->candidate计算，不选择有利方向，不改常数/q/风险或原交接。,SESSION_ABSORB/SESSION_CLOSE 的逐身份判定,"P01,P06,P07；测量方向按正支持CURRENT定义；全网格与实际支持覆盖近似仍待全局审计",project_algorithm,保留,2,feb8a876f424045778085e5a48947405d87cc091,"第二次修正测量方向，无改常数。25测试+三种原算法预验证的非空候选用例通过；真实B116查询0翻转/104同身份时刻一致；3RScan9查询一致；15固定门通过F1=98.81,D2=2/0/0,D3=15/0/1,ghost3.66。首次验收撤回和三处时序/9条残影差异含I11+8如实保存。",reports/rewrite_goal/P10_attempt02_real_b_comparison_20261003.json;P10_supported_overlap_baseline_20261003.json;P10_attempt02_nonempty_candidate_fixture_20261003.txt；synthetic_reference_validation_20261003.json：累计同源码合成97项无固定门退化，不替代单条归因或严格复审,C2 状态与输出的共同决策,1：与C1联动主攻,否,reports/rewrite_goal/core_priority_plan_20261004.json；联合离线基准：joint_path_reference_20261004.json；位置充分性反例：joint_measurement_sufficiency_20261004.json（非生产候选，未新增保留）
11,P11,session_update_baseline/session_core/src/state/persistent_object_state.cpp:TOP_ABSORB;session_update_baseline/app/test_hidden_change_session_equivalence.cpp:非空顶层候选行为验证,"S08,S15",TOP_ABSORB 的 !high_mobility || geom>0,在线接任后顶层状态遵循同样同址规则,M3: 顶层吸收的同状态后验,README M1l：与miniB一致，由正支持CURRENT确定测量点集，候选作为几何解释，沿同一M1g/M1h/q/M3后验许可原TOP_ABSORB；保留原时间/关闭/晋升。,TOP_ABSORB/INGEST_DECIDE 的逐身份判定,P10第二次测量方向修正；P01/P06/P07同一核与q；全网格覆盖近似,project_algorithm,保留,2,214e506835f2be1b6a083126ea4af559b13f12ac,第二次：原25测试含L与非空候选通过；151次相关判定无翻转、128匹配动作相同、52共同GT行相同，15固定门通过，516.67s建图。3处片段时序/12残影差异明确保存，非GT改善；3RScan无TOP调用、真实B候选空的覆盖限制保留。,reports/rewrite_goal/P11_attempt02_real_b_comparison_20261003.json;P11_attempt02_original_L_case_20261003.json;P11_attempt02_real_b_callback_order_20261003.json；synthetic_reference_validation_20261003.json：累计同源码合成97项无固定门退化，不替代单条归因或严格复审,C2 状态与输出的共同决策,1：与C1联动主攻,否,reports/rewrite_goal/core_priority_plan_20261004.json；联合离线基准：joint_path_reference_20261004.json；位置充分性反例：joint_measurement_sufficiency_20261004.json（非生产候选，未新增保留）
12,P12,session_update_baseline/session_core/src/state/persistent_object_state.cpp:942-950,S12,(different_site && support_rate==0) OR gated_contradiction>support,新址先建立和旧址先看空两种顺序都能正确接任,M3: 本会话状态改变后验,保留两个证据来源，按联合测量模型比较当前/候选；支持零点改为有限测量的不确定性，CUSUM 证据和计数层均保留其作用,SESSION_CLOSE by_new_site/by_observed_absence、D2时刻,P03；CUSUM与计数相关性，禁止删计数层代替推广,project_algorithm,已是后验形式：仅解释，不改代码（2026-10-04 闭合模型复核）,0,无代码提交；原机制保留,数学预检发现当前计数接口缺失测量残差/联合概率：同样1支持0反证可对应1或0.75量化支持质量；不能编造误报率、混用q或相乘同源摘要。14原行为用例已通过。0次代码试验，不能写成三次失败；若P18补足测量信息再开此条。；状态更正：0次试验不能视作满足三次失败终结规则，仍未完成。；闭合模型 README 1.1 动作1/2：看空路径=受保护 CUSUM 过 log99（后验赔率99）后，再要求同一批射线反证多于支持；对称投票模型下对数似然比为 (C−S)log[p/(1−p)]，对任何票可靠度 p>1/2 只取决于 C−S，多数票是精确后验符号，不是待推广的近似；两摘要同源，取“都成立”而不相乘。换址路径=M1d 异址后验（P03 已保留）且旧址本轮无同身份支持：“一身份一处”下 M 时同身份端点不可能落在旧面（N 与旧址重叠由 M1e 处理），一票支持即排除 M，S=0 是该约束的条件，不是可调门槛。无剩余硬切换，0 次代码试验即结束本行。,reports/rewrite_goal/P12_disposition_20261003.json;P12_quantization_information_counterexample_20261003.json;P12_derivation_preflight_20261003.json;P12_fixture_baseline_20261003.json,C2 状态与输出的共同决策,1：与C1联动主攻,是,reports/rewrite_goal/core_priority_plan_20261004.json
13,P13,session_update_baseline/session_core/src/state/persistent_object_state.cpp:1076-1085,S12,顶层与本会话同式的零支持/多数反证门,接任后普通 current 不倒退或残留旧位置,M3: 顶层状态改变后验,单独替换顶层后验比较，使用与 P12 相同统计定义，检查对象状态首次开立与晋升后的行为,TOP_CLOSE、D1/D2全时刻,P12,project_algorithm,已是后验形式：仅解释，不改代码（2026-10-04 闭合模型复核）,0,无代码提交；原机制保留,顶层与P12使用同一SurfaceEvidence整数计数和缺席布尔值；概率信息同样缺失，不能用新公式假装补回。14个顶层公共接口场景在当前已接受库上全部通过。 0次代码试验，不计作三次失败；如测量接口补足后复审。；状态更正：0次试验不能视作满足三次失败终结规则，仍未完成。；顶层关闭与 P12 同式：受保护 CUSUM 过 log99 后的多数票是对称投票模型的精确后验符号；换址路径是 M1d 后验加“一身份一处”的同身份支持条件。无剩余硬切换，0 次代码试验即结束本行。,reports/rewrite_goal/P13_disposition_20261003.json;P12_quantization_information_counterexample_20261003.json;P13_fixture_baseline_20261003.json,C2 状态与输出的共同决策,1：与C1联动主攻,是,reports/rewrite_goal/core_priority_plan_20261004.json
14,P14,"session_update_baseline/session_core/src/state/persistent_object_state.cpp:768-779,985-986","S12,S13",继承反证先由absence_coverage_sufficient清零，再要求C>S,可靠空位关闭继承状态；稠密网格重叠不能压过实测反证,M1/M3: 旧址缺席后验及对应条件,保留已工作 CUSUM 原式与log99，只将硬授权/多数的组合明确为同一联合证据下后验；网格重叠不能增加独立支持票,EVIDENCE inherited_absent_flag、在线交接与D3,不能把CUSUM和它同源的计数乘成独立似然,project_algorithm,已是后验形式：仅解释（2026-10-04 第 2 轮：把 q 放入缺席提交的 P57 两次试验均未过门，已 revert）,2,无代码提交；原机制保留；P57 t1 faff92f revert cc64d32；P57 t2 3782e52 revert fba81ce,inheritedEvidenceAbsent只接收已被absence_coverage_sufficient授权或清零的整数反证和支持，原门C>S保护稀疏正支持；其参数中的网格重叠不能充当额外相机票。没有原始射线与可靠单元的条件联合量，无法识别有限噪声的后验。 0次代码试验，不计作三次失败；如测量接口补足后复审。；状态更正：0次试验不能视作满足三次失败终结规则，仍未完成。；inheritedEvidenceAbsent=C*>S，C* 只在受保护 CUSUM 过 log99 时非零：与 P12 看空路径相同，多数票为对称投票模型精确后验符号；网格共享顶点不进入票数（同源摘要不重复计）。无剩余硬切换，0 次代码试验即结束本行。；2026-10-04 P57 试验（缺席提交改为 logit q + CUSUM > log 99）。第 1 次（所有状态）：真实 B 物体召回 97.53、F1 98.42，合成 D2 误报 2；原因是 q 被用于本会话新生状态，真实 B inst 7（A→B 搬动、B 内静止）的 B 状态在 344.65 s 以 CUSUM 2.70 被误关，合成 148/171/72 同源。第 2 次（只对继承状态，q 是一次未决跨会话关系的先验）：合成 97 行、3RScan 34/34、Bonn×3、TUM 通过；真实 B 物体召回 97.39（48a3033 为 98.07）未过。4 个变化的授权都在继承状态 2/3/10/13，GT 均为 A→B 搬动，状态判定正确，对照中 13 的 B 内误关也消失；召回损失在第 4–8 个快照（313–321 s）：3、10 的继承状态在第一个 B 片段到达前结束，该片段到达时没有 CURRENT 而单独显示，早期残缺片段各计一次幻觉加一次漏检，而对照显示与真实位置大面积重叠的 A（3 的共享样本 28076）。结论：在线输出在继任片段完整前保留旧状态的作用由无先验的 99:1 提交承担；不调损失比，保持原式。,reports/rewrite_goal/P14_disposition_20261003.json;P12_quantization_information_counterexample_20261003.json;P11_attempt02_20261003.json；reports/rewrite_goal/P57_attempt01_20261004_metrics.json;reports/rewrite_goal/P57_attempt02_20261004_metrics.json,C2 状态与输出的共同决策,1：与C1联动主攻,是,reports/rewrite_goal/core_priority_plan_20261004.json
15,P15,"session_update_baseline/session_core/src/state/persistent_object_state.cpp:950,1087",S08,support_rate>0 才确认并允许吸收,有当前实测支持才补全；没有支持不能因几何重叠吸收搬动候选,M1: 当前支持的可靠性后验,将任一支持的触发改为测量支持置信度进入同状态后验；实际传感器支持时间继续精确保存,TOP_ABSORB/SESSION_ABSORB、确认时间与候选归属,不得把相机检查时间替代测量时刻,project_algorithm,已是后验形式：仅解释，不改代码（2026-10-04 闭合模型复核）,0,无代码提交；原机制保留,support_rate>0更新的是实际传感器支持时间，并许可后续候选吸收；当前接口只有计数和最新时间，没有端点匹配概率。同样1票可对应不同量化支持质量，不能把“至少1票”直接写成未经标定的物体在位概率。原L及两类非空候选已在P11验收通过。 0次代码试验，不计作三次失败；如测量接口补足后复审。；状态更正：0次试验不能视作满足三次失败终结规则，仍未完成。；S>0 且未被看空（C*≤S）是对称投票模型下“A 本轮在场”的 MAP；S=C=0 为无测量，似然比 1，不更新也不许吸收。支持时间取实际传感器时刻。无剩余硬切换，0 次代码试验即结束本行。,reports/rewrite_goal/P15_disposition_20261003.json;P12_quantization_information_counterexample_20261003.json;P11_attempt02_original_L_case_20261003.json,C2 状态与输出的共同决策,1：与C1联动主攻,是,reports/rewrite_goal/core_priority_plan_20261004.json
16,P16,session_update_baseline/session_core/src/state/persistent_object_state.cpp:567-575,S04,D1布尔标志直接关闭并开新状态,可见运动及时分段，旧姿态几何不带到新状态,M1/M3: 原生运动证据条件下的换状态概率,仅在项目状态接入处使用原生已有运动观测置信量；若原接口只有布尔值，则记录概率信息缺失而保持原分支，不改原生算法,INGEST、D1运动轨迹/状态、旧候选清理,原生D1只读；不得编造未提供的置信度,project_algorithm,暂缓（用户 2026-10-04：上游 D1 实现未完成；数据中 D1 仅 Bonn 触发 5 次、位移均为 0）,0,无代码提交；原机制保留,hasMotionEvidence只读取kHasDynamicHistoryDetail的0/1；项目提取器也只序列化track.has_dynamic_history的0/1。该接入没有检测误报/漏报概率或置信字段。按照本条原计划，保留布尔证据分支，不修改只读原生D1，不从运动位编造置信度。 0次代码试验，不计作三次失败；如测量接口补足后复审。；状态更正：0次试验不能视作满足三次失败终结规则，仍未完成。；原生 D1 只读，只序列化布尔 has_dynamic_history，没有误报/漏报率或置信字段；闭合模型把它作为确定的换状态观测（似然比∞）。编造置信度等于调参，修改原生 D1 违反任务约束。,reports/rewrite_goal/P16_disposition_20261003.json;session_update_baseline/session_core/src/state/persistent_object_state.cpp:73;session_update_baseline/ports/mapping_core/khronos/src/active_window/object_extraction/mesh_object_extractor.cpp:466,B0 外部置信、冻结输入与兼容边界,边界核查：轻量并行，不占主攻,否,reports/rewrite_goal/core_priority_plan_20261004.json
17,P17,session_update_baseline/session_core/src/adapters/static_surface_selection.cpp:158-165,X01,动态/历史动态轨迹位移<min_dynamic_displacement即回退静态,跟踪抖动不造成动态碎片；真实慢动不能被吞掉,M1: 运动观测的位移误差似然,以已有位姿/深度不确定性解释观测位移，后验比较静态与动态；保留原回退作用，不能调配置下限,OBJECT_EXTRACTION_INPUT、STATIC_SURFACE_FRAMES、D1,配置1m/默认0.2m保持冻结；运动误差统计是否可得,project_algorithm,暂缓（同 P16；静止回退在全部评测数据上与任意正噪声尺度给出相同决策）,0,无代码提交；原机制保留,原位移是动态簇质心相对首帧质心的最大欧氏距离；当前接口没有位姿/质心估计协方差。簇内点散布包含物体形状与视角变化，不能除以像素数当成跟踪误差。把固定1m/0.2m改写成噪声宽度也没有物理依据；front-end尚无持久状态q的同源查询。保留抖动回退及真实运动分段，不修改原生位移函数。 0次代码试验，未将源码审查计作失败次数。；状态更正：0次试验不能视作满足三次失败终结规则，仍未完成。；min_dynamic_displacement 是冻结配置下限（房间 1 m、默认 0.2 m）。概率化需要动态簇质心的估计误差分布，现有接口没有；簇内点散布含形状与视角变化，不是跟踪噪声；改配置值就是调参。,reports/rewrite_goal/P17_disposition_20261003.json,B0 外部置信、冻结输入与兼容边界,边界核查：轻量并行，不占主攻,否,reports/rewrite_goal/core_priority_plan_20261004.json
18,P18,session_update_baseline/session_core/src/evidence/projected_physical_evidence.cpp:classifyMeasurement;session_update_baseline/session_core/include/session_core/evidence/physical_evidence_store.h:probability API;session_update_baseline/app/test_hidden_change_session_equivalence.cpp:relation cases,"O01,O02,O04",1mm/深度容差硬分遮挡、支持、空位和替换,前方其他表面不能投替代票；同ID容差保护形状误差,M1a: 首回波残差与身份条件概率,M1m：对已有1mm量化相位精确积分各端点关系；按等分类损失选择最大质量，暴露概率接口；不改变原计数去重/CUSUM/状态动作。,STATE_SLICE、逐物体支持/反证及关闭,不改输入标签、量化精度或深度采样,project_algorithm,保留,1,21f7f740a6bae6e6505bf18cec5cf49172a435c8,量化关系模型归一化、固定容差下MAP逐测量等价；25测试/3RScan/真实B15门通过。主要动作同序、50共同GT行同、同快照残影差异0、最终输入相同；I1单处时序成本保存。只完成端点量化子模型，硬聚合与物体级联合传播仍未完成；未调参。；2026-10-04 来源标识支撑提交41fc494经25测试及3RScan/合成精确比较后，真实B召回97.97低于保留对照98.22达0.25pp，且I2三个同输出GT错面各+1；已用git revert回退。此支撑实验未改变概率公式，不增加已完成项；原P18概率版保留。,reports/rewrite_goal/P18_attempt01_real_b_comparison_20261003.json;P18_attempt01_MAP_equivalence_20261003.json;P18_attempt01_validation_scope_20261003.json；synthetic_reference_validation_20261003.json：累计同源码合成97项无固定门退化，不替代单条归因或严格复审;reports/rewrite_goal/P18_source_identity_disposition_20261004.json,C1 联合测量与可靠性,1：主攻，和C2共同设计,否,reports/rewrite_goal/core_priority_plan_20261004.json
19,P19,session_update_baseline/session_core/src/adapters/physical_ray_queries.cpp:159-176,O12,稀疏射线径向/深度容差硬纳入计数,代理不能凭不相关射线判旧面空；真实像素复核仍是授权来源,M1: 代理对应概率,保持索引和查询范围，用已有测距/空间尺度积分代理对应；不增加像素外证据，保留O05复核,STATE_EVIDENCE_WINDOW及是否触发真实像素复核,原生索引只读；此处为项目物理查询适配,project_algorithm,未能推广（原生代理配置，0 次代码试验）,0,,索引中的source/target为浮点重建网格和位姿，接口没有径向/重建协方差；毫米存储量化属于真实深度通道，不能当其径向噪声。保留真实像素复核。；0次代码试验，未完成，不冒充三次失败。；稀疏射线代理的径向 0.08 m / 深度 0.3 m 是原生射线变化检测（RayVerificator）的冻结配置，项目只复用；代理只作删除提议或在不提议删除时报告计数，删除仍须真实像素复核（O05）。概率化需要代理-像素同源误差模型，未识别。,reports/rewrite_goal/P19_review_20261003.json,C1 联合测量与可靠性,1：主攻，和C2共同设计,否,reports/rewrite_goal/core_priority_plan_20261004.json
20,P20,session_update_baseline/session_core/src/evidence/projected_physical_evidence.cpp:254-257,O08,被证空表面比例>=0.2,少量边缘穿透不能代表整物体,M1: 代理覆盖下的整体缺席概率,先确认可达调用；生产随后由CUSUM重写该字段。若仅离线后备使用，则只解释该路径的覆盖后验，不能通过改无效门宣称生产算法推广,production调用路径与离线用例分开记录,此行在生产路径被覆盖；无可观察影响的改动不得保留,project_algorithm,未能推广（生产路径不可达，0 次代码试验）,0,,生产唯一调用在countCurrentPhysicalSurface内，随后applyObservedAbsence先清零并最后重写absence_coverage_sufficient；直接调用仅原测试。原比例覆盖含义仍在README O08解释，不改无生产影响的门并计作算法进展。；0次代码试验，未完成，不冒充三次失败。；0.2 覆盖比例只在 countProjectedPhysicalSurface 写 absence_coverage_sufficient；生产调用随后由 applyObservedAbsence 清零并以 CUSUM 重写，只有原测试直接读它。改它不改变任何生产判定，不能计作推广。,reports/rewrite_goal/P20_review_20261003.json,B0 外部置信、冻结输入与兼容边界,边界核查：轻量并行，不占主攻,否,reports/rewrite_goal/core_priority_plan_20261004.json
21,P21,"session_update_baseline/session_core/src/evidence/projected_physical_evidence.cpp:368-369,416","O10a,O10m",本身份样本>=3且多于穿透才算identified_in_place,只在物体确实在场时学习误差，避免搬后帧教坏旧模型,M1: 在位识别可靠性,以有限样本同身份/穿透联合观测估计在位概率，加权现有学习与可靠性提交；保留先评分后学习,EVIDENCE、sensor_statistics、每物体CUSUM轨迹,不把同一帧本身份和几何票当独立,project_algorithm,未能推广（多于看穿为对称投票后验符号；≥3 防标签渗漏，渗漏率在只含在位帧的记录中不可识别）,0,,帧内互斥，跨轮own_identity按全体样本且seen_through按可靠子集，二者可重叠；独立二项计数模型不成立。需配对观测和原学习门的条件联合分布。；0次代码试验，未完成，不冒充三次失败。；identified_in_place（本身份≥3 且多于穿透）决定学习与可靠性提交，是 CUSUM 在位分布估计的一部分；目标明确“CUSUM 加 log99 只写解释、不改代码”。其中多数部分是对称投票的后验符号；有限样本推广已由 M1e 在 S10 使用，替换进 CUSUM 会改动受保护统计量。；2026-10-05：在位判定的“本身份≥3 且多于看穿”：多于看穿为对称投票的后验符号；≥3 防物体不在时的标签渗漏，渗漏率需物体不在时的同身份标签统计，当前记录（只覆盖在位帧）不可识别。保留并解释。,reports/rewrite_goal/P21_review_20261003.json,C1 联合测量与可靠性,1：主攻，和C2共同设计,是,reports/rewrite_goal/core_priority_plan_20261004.json
22,P22,session_update_baseline/session_core/src/evidence/projected_physical_evidence.cpp:395-397,O10a,命中少于3或曾在位穿透即不可靠；继承/未识别状态豁免次数,薄面、暗面和漏标不误关；继承旧址已空仍可判断,M1: 样本可靠性z的后验,用命中和在位穿透历史得到可靠性权重，继承表示已有建图证据而非必然可靠；保持表面去重和已计标志,可靠样本数、absence_llr、物体关闭与GT,需要跨会话样本可靠性来源；不改变样本集合,project_algorithm,保留（第3次：标签后验取代 3 次命中，否决保留；EM 直方图实现）,3,第1次 bdbb88f revert 0a5339c；第2次 b21e122；第2次 b21e122 revert 4eff714；第3次 0fed22a + 计算优化 3c2d888,"AbsenceSample只有identity_hits和seen_through_while_identified布尔否决；没有同一可观测条件下的失败次数，不能把一次否决当一次Bernoulli失败。继承样本也没有已保存的逐格可靠性历史。；0次代码试验，未完成，不冒充三次失败。；可靠样本（≥3 次本身份命中且在位时从未被看穿；继承/未识别状态豁免命中数）选择哪些表面投缺席票，是受保护 CUSUM 的样本选择；按目标只解释不改代码。连续可靠性权重会改变受保护统计量。；2026-10-04 逐格诊断（cb304ae）EM：真实 B π=0.70，真实格 (本身份,其他,看穿)=(0.925,0.029,0.046)，异常格 (0.21,0.61,0.18)；合成 π=0.88，真实格 (0.9955,0.0016,0.0029)；3RScan 真实格 (0.985,0.011,0.0045)。1 次本身份命中即后验>1/2；真实 B 命中 3 次后被看穿 1 次后验 0.98，合成仅 0.82（自动接近原硬否决）。第1次（否决也由后验代替）：真实 B 只改 1 条决策流——去掉对照中 inst 13 的 B 内误关（GT 静止，更好）；合成在线物体精度 94.92<95.38：cabinet_0000 的 D2 搬动 97.1/107.9 s→118.5 s，bed D3 53.7→64.6 s；机理：后验收进在位时偶被看穿的真实格，在位比例更散（inst 48 Beta(0.45,40.8)→(0.20,10.2)），可靠格数 826→1453 使每次权重变小，238.07 s 的增量 9.25→3.82。否决的作用因此被定位为挑出从未被看穿的同质子集（序贯检验的在位比例模型所假定的）。；第2次（否决保留，3 次命中改为在未否决格上的标签后验，零观测格取先验 π）：真实 B 去掉 13 的误关但新增 3 的 B 内误关（GT 静止）——零观测格取 π=0.76 全部投票，3 的可靠格 28→1460，这些格约一半被看穿；π 只对有观测的格成立（选择偏差），停跑撤回。第3次：已认出状态中零观测格不投票，有观测的格用标签后验；继承/从未认出状态全格投票（无记录）。P22_attempt03：真实 B 唯一变化为去掉 13 的误关；合成变化事件逐条不变、旧址清除 21.7→19.6 s；但每轮 EM 在锁内 4.4 s（中位），轮数 58→56、快照 63→61，真实 B 物体 R 97.86（共有的 52 个快照上相同或更好，差异全在不对应的快照）。计算优化 3c2d888（同一估计量，按不同计数对的直方图迭代，1177 个不同对代替 2.8 万格，非新的算法试验）后 P22_attempt03b：轮数 58，真实 B 物体 P/R/F1 99.44/98.04/98.72，合成 97 行、3RScan、Bonn×3、TUM 全部过门；真实 B 决策流 89 同、13 误关去除、2 条为 I2 首片段异步早到（已知时序）；合成 B 变化事件逐条相同。",reports/rewrite_goal/P22_review_20261003.json；reports/rewrite_goal/P22_attempt01_20261004_metrics.json；cell_reliability_em_20261004.txt；reports/rewrite_goal/P22_attempt03_20261004_metrics.json;reports/rewrite_goal/P22_attempt03b_20261004_metrics.json,C1 联合测量与可靠性,1：主攻，和C2共同设计,是,reports/rewrite_goal/core_priority_plan_20261004.json
23,P23,"session_update_baseline/session_core/src/evidence/projected_physical_evidence.cpp:340-341,358-359",O10b,入射角超过60度的穿透不计,薄椅背/边界擦边射线不能证明物体搬走,M1: 入射角条件下的穿透可靠性,按已有几何与在位残差估计角度条件可靠性，替换穿透权重；不增加角度阈值/平滑宽度，支持观测保留,同物体可靠穿透、EVIDENCE、误关统计,现有日志不足的角度统计须只读原帧计算，不改采样,project_algorithm,未能推广（数据定位 60° 为在位看穿率拐点；推导截止角需物体不在时各角度的看穿率）,0,,60度是已有擦边穿透保护，当前只保留网格法线、视线及聚合比例历史；点散布是几何不是法线误差。cos角不能直接充当正确率，也不能从60度发明平滑宽度。；0次代码试验，未完成，不冒充三次失败。；60° 掠射界没有推导来源；概率化需要按入射角的在位穿透率校准（新的分箱估计器与常数），且该门位于受保护的缺席序贯检验内部；不新建框架。；2026-10-05 诊断（ABSENCE_DIAG）：在位可靠样本看穿率随 |cosθ| 由正对 2.3% 升至掠射 43%（真实 B：0.9 2.3%、0.8 3.8%、0.6 7.6%、0.5 9.7%、0.4 18.4%、0.3 24.8%、0.0 43.4%；合成 1.2%→24.5%；3RScan 1.1%→14.6%），60° 即 cos 0.5 处的拐点。按角度构成预测比例不减少观测间跳变（真实 B 残差标准差 0.115→0.112），故不能由角度条件化取代；推导截止角需物体不在时各角度的看穿率，当前日志只覆盖在位帧。,reports/rewrite_goal/P23_review_20261003.json,C1 联合测量与可靠性,1：主攻，和C2共同设计,否,reports/rewrite_goal/core_priority_plan_20261004.json
24,P24,session_update_baseline/session_core/src/evidence/projected_physical_evidence.cpp:347-359,O10c,5cm内在表面，之后为穿透,细几何消失可判，近表面噪声不会误关,M1a: 命中/穿透的残差区间概率,将测距量化及已估计残差分布积分成软类别，保持在线5cm原含义与会话末噪声来源差别，不直接用30cm替换,STATE_SLICE和物体缺席CUSUM,不得改现有CUSUM递推/阈值；新统计传递必须有来源,project_algorithm,已是后验形式：仅解释，不改代码（2026-10-04 闭合模型复核）,2,faa65f4;revert=e2db8fd;2ae72a8;revert=fac0415e801e4e2f50b36838be60ab4018cbeac0,两次皆被同输出GT确认残影增加否决；第二次完整解码输入SHA证明可复用第一次失败证据，提前停止评分。未做第三次，不能标为三次失败终结。；在线 5 cm 带作用在毫米量化读数上：对存储量化相位积分（M1m）后，三种关系的最大质量就是读数中心所在区间，平票取闭区间，因此原硬比较逐点等于 M1m 的 MAP（只在跨界的半毫米格上同取闭区间）。P18 已在端点关系处显式实现同一质量接口；本处判定与该 MAP 完全相同，不需改码。前两次试验的回退依据（I11 94→102、I2 +1）在不触及本代码的 P09 第二次运行中同样出现，属异步输出时序，不是判定变化。,reports/rewrite_goal/P24_attempt01_real_b_comparison_20261003.json;reports/rewrite_goal/P24_attempt02_real_b_comparison_20261003.json,C1 联合测量与可靠性,1：主攻，和C2共同设计,否,reports/rewrite_goal/core_priority_plan_20261004.json
25,P25,"session_update_baseline/session_core/src/evidence/projected_physical_evidence.cpp:415,466",O10e,"verdicts>=min(30,reliable)才评分学习",小片表面不能替整物体定案；部分视图仍能积累,M1b: 比例有限样本不确定性,用n与可靠性统计表达比例估计的不确定性和信息量，取代一刀切可用/不可用；verdicts==0保留无测量语义,每物体absence_llr、关闭帧、运行时间,只推广样本充分性门，不改CUSUM或采样数,project_algorithm,未能推广（2026-10-04 第 1 次构建被既有冷启动测试否定；离线重放：真实 A/B 0 处变化，合成 9 处）,1,,"尚未改代码或执行本条试验；用户已明确接受起点物理等价及随机评分<=0.2pp；缺失的相关跨会话对照补齐后验证；每轮至少 min(30,可靠数) 个判定才评分学习：是 CUSUM 用连续 Beta 密度评分时的数据充分性条件；有限样本版本 M1b/M1e 已在 S10 使用，替换进 CUSUM 会改动受保护统计量。0 次代码试验。；2026-10-04 第1次（块 2：CUSUM 增量改为有限样本 Beta-二项对数似然比，每个有判定的观测都评分，min(30,可靠数) 只留给学习）：构建后 physical_identity_evidence 失败——冷启动（从未认出、无总体统计）8/8 样本全被看穿须授权；在声明的冷启动 Beta(0.1,1.9) 下有限样本比值为 4.18<log99，连续密度把比例当精确值得 6.97。未提交。诊断构建（7be984a，不改决策）的逐次记录离线重放：真实 A 0、真实 B 0 处授权变化；合成 B 9 处（68/108/72 正确授权推迟，145/146 两个 13/13、11/11 全看穿的小物体新授权）。结论：有限样本评分本身在真实数据上等效，但冷启动先验与之耦合，换先验需要新的声明常数；30 的数学含义是连续密度作为有限样本似然的大样本近似成立的条件（抽样方差不超过模型方差，真实 B 的尺度下约 25），已写入记录。",reports/rewrite_goal/progress.json;baseline_3rscan_scene1_rigid_mismatch_diagnosis_20261003.json；reports/rewrite_goal/present_model_replay_20261004.txt；runs/rewrite_goal_DIAG1r_20261004、DIAG2_20261004 逐次 ABSENCE_LOOK,C1 联合测量与可靠性,1：主攻，和C2共同设计,是,reports/rewrite_goal/core_priority_plan_20261004.json
26,P26,"session_update_baseline/session_core/src/evidence/projected_physical_evidence.cpp:440-455,496-504",O10g,历史>=3切换自身/总体，前三轮均值只汇总一次,小历史不虚假自信，冷启动可处理已经搬走的继承物体,M1参数: 物体/总体测量误差的收缩后验,连续按有效历史量收缩现有均值/散布，保留总体散布保护与已存sensor_statistics，移除整数历史切换；不借用该强度给运动q,传感器统计、各物体LLR与最终指标,现有3个伪观测保留；不能同时改先评分后学习,project_algorithm,未能推广（2026-10-04 离线重放 6 种数据估计在位模型，均为 GT 更差或推迟正确结论）,1,9c4e5e6；revert 7e691e8,"仅自身1/2轮校准激活；25测试/3RScan通过；合成97指标与12快照完全一致。真实B总15指标通过，但I2在16.6/17.233334/18.266656s错误表面+1，I11在29.366667/30.333334/31.366656s+8，严格GT门不通过，已回退。接入顺序与校准同时变化，不能宣称唯一因果。无调参/重跑挑时序；余2次未执行。；历史≥3 才用自身统计：CUSUM 在位分布的经验估计器；第一次连续权重试验改变了 86 个证据窗口与 3 次充分性判定而 GT 无改善（已回退）；按目标保护 CUSUM，不再改。；2026-10-04 第2轮：在诊断构建的真实 A→B→C 全链逐次记录上按会话顺序重放（旧模型自检：增量误差≤0.0085，授权 0 差）。数据：在位观测相邻两次比例变化标准差 0.149、MAD 标准差 0.059，95%/99% 分位 0.34/0.53（换视角跳变，重尾）；A 首看比例有 0.42/0.44 的离群物体。6 种由数据估参数的替代（层次正态、有限样本层次 Beta-二项、Student-t ML、Jeffreys 积分 t、按状态来源分层、两尺度污染混合 EM）分两类：物体内散布估窄→静止物体 6/14/16/17 误判空；如实重尾→会话开头搬动/移走物体（B: 7,11,19,2,12,13；C: 2,3,7,10,12,14）判空推迟。前者 GT 更差，后者每处都是正确结论更晚，按验收规则不能证明更好，未做在线试验。旧模型的决断力来自总体散布的 MAD 稳健估计（污染模型：排除少数离群物体），k=3、max(v0,·)、c≥2 与之构成在这些数据上最优的保守包络；数据估计的收缩权重 σ_w²/τ²≈0.8（真实 B），与 3 同量级但不等。",reports/rewrite_goal/P26_attempt01_disposition_20261003.json；reports/rewrite_goal/P26_attempt01_synthetic_validation_20261003.json,C1 联合测量与可靠性,1：主攻，和C2共同设计,否,reports/rewrite_goal/core_priority_plan_20261004.json
27,P27,session_update_baseline/session_core/src/evidence/projected_physical_evidence.cpp:458-459,O10g,自身混合方差与总体方差取max,新视角误差不能因少量自身历史被估得过窄,M1参数: 测量方差后验不确定性,将总体散布作为已有测量方差不确定性的约束/边缘化项，保持宽散布保护；若需要新增未校准尺度则记录不能推广,边缘反证导致的误关、各物体密度统计,现有Beta/CUSUM及数值正则保持不变,project_algorithm,未能推广（同 P26，同一在位模型块）,0,,"尚未改代码或执行本条试验；用户已明确接受起点物理等价及随机评分<=0.2pp；缺失的相关跨会话对照补齐后验证；自身散布与总体散布取大：CUSUM 在位分布的方差保护；推广需要方差不确定性的先验（新常数）且改动受保护统计量。0 次代码试验。；2026-10-04：见 P26。max(v0, 自身混合方差) 的作用在数据上被定位为重尾换视角跳变的保守包络：去掉它（层次正态预测方差 σ_w²+后验方差）即在真实 B 让 6/14/16/17 等静止物体副本误判空（离线重放 9 处新授权）。",reports/rewrite_goal/progress.json;baseline_3rscan_scene1_rigid_mismatch_diagnosis_20261003.json,C1 联合测量与可靠性,1：主攻，和C2共同设计,否,reports/rewrite_goal/core_priority_plan_20261004.json
28,P28,session_update_baseline/session_core/src/evidence/projected_physical_evidence.cpp:482,O10k,ok_lab=false标签似然恒中性,真实漏标不能冒充替换；保留标签观测信息,M1a: 身份混淆Q,若现有在位标签历史可识别漏标/他物替换分布，则通过同一混淆模型边缘化标签；无法识别时保留中性因子并写明原因，不能直接打开布尔门,标签改变实例、旧址关闭、GT与sensor_statistics,不改播放器目录、实例图或类别；与深度相关性须保留,project_algorithm,已是后验形式：仅解释，不改代码（2026-10-04 闭合模型复核）,0,,"尚未改代码或执行本条试验；用户已明确接受起点物理等价及随机评分<=0.2pp；缺失的相关跨会话对照补齐后验证；标签通道 Q(ℓ̂|ℓ,a) 的混淆分布在现有数据上不可识别：真实分割器上“表面在位但标成他物/背景”多数是漏检（O10k），在 S 与 M 下给出同一标签统计，于是该因子的似然比恰为 1。ok_lab=false 就是这一中性因子，标签统计照常记录。没有可识别的混淆模型前，打开它等于编造误报率。0 次代码试验即结束本行。",reports/rewrite_goal/progress.json;baseline_3rscan_scene1_rigid_mismatch_diagnosis_20261003.json,C1 联合测量与可靠性,1：主攻，和C2共同设计,否,reports/rewrite_goal/core_priority_plan_20261004.json
29,P29,session_update_baseline/session_core/src/evidence/projected_physical_evidence.cpp:556-564,O05,C>S或计数全零才走真实投影复核,稀疏代理不能颠倒真实像素结论,M1: 代理估计的不确定性,依据代理与投影同源误差估计连续验证权重/需求；删除提案必须仍受真实像素约束，不能为省时取消复核,投影分支、每实例支持/反证、运行时间,不得改评分或输入采样；需保持同量级运行,project_algorithm,未能推广（代理与像素误差联合模型未识别，0 次代码试验）,0,,尚未改代码或执行本条试验；用户已明确接受起点物理等价及随机评分<=0.2pp；缺失的相关跨会话对照补齐后验证；“代理提议删除或计数全零才走像素复核”是计算途径选择，不是状态判定；任何删除仍受真实像素约束。连续化复核需要代理与像素的联合误差模型，现有两种计算只能各给计数，不能当独立概率相乘。,reports/rewrite_goal/progress.json;baseline_3rscan_scene1_rigid_mismatch_diagnosis_20261003.json,C1 联合测量与可靠性,1：主攻，和C2共同设计,否,reports/rewrite_goal/core_priority_plan_20261004.json
30,P30,session_update_baseline/session_core/src/adapters/static_surface_selection.cpp:88-103,B05a,3x3足迹任一支持/全部有效穿透,相机运动和物体边缘不制造静态轨迹断裂,M1a: 帧对表面对应与首回波可见性,固定512样本和3x3查询，以足迹关联及有效测量概率汇总同状态似然，保留双向最新帧锚定,STATIC_SURFACE_BOUNDARY/FRAMES逐片段,不改变像素抽样或相机变换,project_algorithm,已是后验形式：仅解释（±1 像素取整：支持取并、自由取交的保守对应）,0,,尚未改代码或执行本条试验；用户已明确接受起点物理等价及随机评分<=0.2pp；缺失的相关跨会话对照补齐后验证；3×3 足迹“任一支持/全部有效穿透”是像素对应的并/交事件，对应判定在非边界处等于后验判定；帧对静止判定的三条件（穿透≥20、已判覆盖过半、穿透比例>0.2）共同定义“同一静止表面”的容差事件，数值来自冻结的原生提取器配置 static_consistency_*。概率化需要静止假设下的穿透率分布（掩码/轮廓伪影率）与帧对相关性，现有接口没有可识别的校准来源；按比例构造 Beta 后验需要新的参考测度与先验（新常数），替换配置值即调参。0 次代码试验。；2026-10-05：3×3 足迹“任一像素支持 / 全部有效像素在后方才算自由”对应投影的 ±1 像素取整误差：支持取并（任一对应即可），自由取交（任何一个不确定就不投自由票），属对称取整误差下的保守对应，保留并解释。,reports/rewrite_goal/progress.json;baseline_3rscan_scene1_rigid_mismatch_diagnosis_20261003.json,D1 静态帧对分段消费者,3：上游契约可用后逐处实施,否,reports/rewrite_goal/core_priority_plan_20261004.json
31,P31,session_update_baseline/session_core/src/adapters/static_surface_selection.cpp:132,B05b,free>=20才允许帧对冲突,少数坏点不能截掉旧视角的物体几何,M1b: 有限穿透证据量,保持其它两门，先仅把20样本充分性变成当前帧对测量的置信权重；不得顺带删除覆盖/比例保护,STATIC_SURFACE_BOUNDARY，提取对象几何,与P32/P33分别提交验证,project_algorithm,未能推广（2026-10-05 离线评估：有限样本后验在像素相关下高估证据，未上线）,0,,"尚未改代码或执行本条试验；用户已明确接受起点物理等价及随机评分<=0.2pp；缺失的相关跨会话对照补齐后验证；帧对静止判定的三条件（穿透≥20、已判覆盖过半、穿透比例>0.2）共同定义“同一静止表面”的容差事件，数值来自冻结的原生提取器配置 static_consistency_*。概率化需要静止假设下的穿透率分布（掩码/轮廓伪影率）与帧对相关性，现有接口没有可识别的校准来源；按比例构造 Beta 后验需要新的参考测度与先验（新常数），替换配置值即调参。0 次代码试验。；2026-10-05：在 P33 的 STATIC_PAIR 全记录上离线评估“去掉 free≥20、改为 Beta-二项有限样本后验（S: BB(n,a,b)，M: 1/(n+1)）”：真实 B 1 处、3RScan 与 Bonn moving 0 处变化，但合成新增 15 处、Bonn removing 新增 17 处切分，均为看穿像素 8–13 个的帧对（如 13/80、11/162），落在静止物体 3、1、2 上。原因：同一帧对的看穿像素在物体边缘成片出现，不是独立观测，按独立像素计的二项证据被高估；free≥20 实为对像素空间相关的兜底。推导版需先按空间格去重得到有效样本数（同缺席检验的格去重），当前提取器只有像素采样（每簇 512），未实施。",reports/rewrite_goal/progress.json;baseline_3rscan_scene1_rigid_mismatch_diagnosis_20261003.json；runs/rewrite_goal_P33_attempt01_20261005 STATIC_PAIR 记录离线评估,D1 静态帧对分段消费者,3：上游契约可用后逐处实施,否,reports/rewrite_goal/core_priority_plan_20261004.json
32,P32,session_update_baseline/session_core/src/adapters/static_surface_selection.cpp:133,B05c,count*2>=sampled才有分段权,边缘小片不能代表整表面,M1: 已判覆盖的可靠度,用已判/被采样面覆盖量的后验不确定性代替多数硬门，保留未观察部分中性,STATIC_SURFACE_BOUNDARY所有受影响帧,样本集合固定；与P31/P33分开,project_algorithm,已是后验形式：仅解释（判定过半为代表性条件，界定 P33 混合模型的适用总体）,0,,尚未改代码或执行本条试验；用户已明确接受起点物理等价及随机评分<=0.2pp；缺失的相关跨会话对照补齐后验证；帧对静止判定的三条件（穿透≥20、已判覆盖过半、穿透比例>0.2）共同定义“同一静止表面”的容差事件，数值来自冻结的原生提取器配置 static_consistency_*。概率化需要静止假设下的穿透率分布（掩码/轮廓伪影率）与帧对相关性，现有接口没有可识别的校准来源；按比例构造 Beta 后验需要新的参考测度与先验（新常数），替换配置值即调参。0 次代码试验。；2026-10-05：判定过半（count·2≥sampled）是代表性条件：边界细带或深度空洞里的少数像素不代表物体整体；P33 的混合模型只在满足它的方向上估计与判定（总体边界同 P22 的 π 适用范围）。保留并解释。,reports/rewrite_goal/progress.json;baseline_3rscan_scene1_rigid_mismatch_diagnosis_20261003.json,D1 静态帧对分段消费者,3：上游契约可用后逐处实施,否,reports/rewrite_goal/core_priority_plan_20261004.json
33,P33,session_update_baseline/session_core/src/adapters/static_surface_selection.cpp:134-137,B05b,free/count>0.2，任一方向冲突即截断,慢移多步不能累成大并集；静态部分视图不能丢失,M3: 帧对同状态/换状态后验,用原静态误差统计和双向相关测量比较两个假设，保持最新帧锚与分段动作；0.2不是可调参数,STATIC_SURFACE_BOUNDARY/FRAMES与D1/D2,两方向来自相同帧，不得简单乘两份独立似然,project_algorithm,保留（第1次：看穿比例门 0.2 改为会话内 EM 估计的 Beta+均匀混合后验）,1,a44c5cb,"2026-10-05 第1次：帧对一个方向的看穿比例来自同一静止表面 S 或移动表面 M；S~Beta(a,b)，M 为均匀（同缺席检验的 absent 模型），π=P(M)；EM 在本会话全部已判过半的方向上估计（M 步矩估计，π 用 Jeffreys 伪计数），每条轨迹比较完再学习；冲突当且仅当 log π ≥ log(1−π)+log Beta(x;a,b)。无数据时 S 取全项目同一个声明冷启动（在位表面被看穿的比例：均值 0.05、方差 0.09→Beta(0.1,1.9)），π=1/2，完全移动立即切分（既有测试 static_surface_consistency 由此通过）。数据：真实 B 静止 Beta(0.15,8.6)、π 0.005，边界约 0.36；合成 Beta(0.59,121.5)、边界约 0.07（数据越干净余量越窄）。原 26 个冲突中 17 个在 0.2–0.385，多数在 B 内静止的 1/4/5/10/11/12/13 上（错误切分）。P33_attempt01_20261005：真实 B 状态决策流 90/90 不变，物体原生 F1 85.10→85.30，其余不变；合成几何 F1@5 98.789→98.805；Bonn moving 结束时起始位置残余表示 0.98→0.90（评分器结论行要求清除，降低为更好；比较脚本原把 Bonn 各行一律当越高越好，已改为对 moving/removing 的结束起始位置取越低越好，并复核 P42/DIAG2/P22 仍全部通过）；全部数据集过门。条件 free≥20 与判定过半（P31/P32）未改。",reports/rewrite_goal/P33_attempt01_20261005_metrics.json；static_pair_em_20261005.txt,D1 静态帧对分段消费者,3：上游契约可用后逐处实施,否,reports/rewrite_goal/core_priority_plan_20261004.json
34,P34,"session_update_baseline/session_core/src/surface/closed_object_background.cpp:35,74-75",B04a,背景点距旧物体<=sqrt(3)*粗体素才成为候选,独立背景/物体网格的偏差副本仍需检查，墙面不被整框删,M1: 背景副本关联概率,保留已有候选查询支撑集，将关联强弱作为后续测量归属概率；候选近邻仍不能单独授权删除,BACKGROUND_STATE_CLOSURE的matched/absent、墙面GT,不得扩大遍历或改native detector；关联范围原值保持,project_algorithm,已是后验形式：仅解释，不改代码（2026-10-04 闭合模型复核）,0,,尚未改代码或执行本条试验；用户已明确接受起点物理等价及随机评分<=0.2pp；缺失的相关跨会话对照补齐后验证；√3·粗背景体素只是候选查询的支撑集（覆盖独立网格 5–11 cm 的离散差），不作任何判定；删除仍只由最后几何支持之后的实测穿透决定（B04c）。候选集合本身不是概率判定，无硬切换可推广。0 次代码试验即结束本行。,reports/rewrite_goal/progress.json;baseline_3rscan_scene1_rigid_mismatch_diagnosis_20261003.json,D2 背景与表面更新消费者,3：复用C3，保留各原机制,否,reports/rewrite_goal/core_priority_plan_20261004.json
35,P35,session_update_baseline/session_core/src/surface/closed_object_background.cpp:95-109,B04c,半背景体素+1mm硬分支持/穿透/遮挡,物体搬走后的墙仍被任意身份同位读数保护,M1a: 纯几何残差似然,对量化和背景离散误差积分几何命中/空位概率，保留最后几何支持之后的查询及原生变化检测接口,BACKGROUND_STATE_CLOSURE逐点与表面残影,原生detectChanges只读；无法携带软证据则记录接口限制,project_algorithm,已是后验形式：仅解释，不改代码（2026-10-04 闭合模型复核）,1,0acbd8b,15项最终门与3RScan通过，但I2三个相同查询GT确认残影各+1，不能保留；不作有利时序重跑；源码已恢复至本条之前；关闭物体背景带（半背景体素+1 mm）同样作用在毫米量化读数上，原比较逐点等于 M1m 的 MAP（平票取表面）；第一次试验回退所依据的 I2 723→724 在 P09 第二次（未改本代码）运行中同样出现，属异步时序。无剩余硬切换。,P35_attempt01_disposition_20261003.json;P35_attempt01_real_b_metric_comparison_20261003.csv;P35_attempt01_real_b_online_comparison_20261003.json,D2 背景与表面更新消费者,3：复用C3，保留各原机制,否,reports/rewrite_goal/core_priority_plan_20261004.json
36,P36,session_update_baseline/session_core/src/surface/session_refusion.cpp:89,R09,z<=0.1m不参与投影,近相机不稳定投影不制造表面反证,M1: 传感器近距有效性,有既有相机有效范围/噪声证据时用可观测概率，严格图像边界及无有效深度仍为无测量,受影响旧面计数、所有物体/几何,禁止改变输入采样；0.1m来源是继承离线投影契约,project_algorithm,已是后验形式：仅解释，不改代码（2026-10-04 闭合模型复核）,0,,尚未改代码或执行本条试验；用户已明确接受起点物理等价及随机评分<=0.2pp；缺失的相关跨会话对照补齐后验证；z≤0.1 m 不投影是相机模型的有效观测域：相机前方近界外没有可用测量，属于 M1 的“无测量”条件 v，似然比为 1，与视野外、无效深度相同；不是证据门。0 次代码试验即结束本行。,reports/rewrite_goal/progress.json;baseline_3rscan_scene1_rigid_mismatch_diagnosis_20261003.json,D2 背景与表面更新消费者,3：复用C3，保留各原机制,否,reports/rewrite_goal/core_priority_plan_20261004.json
37,P37,"session_update_baseline/session_core/src/surface/session_refusion.cpp:227,242-257",R07,每距离箱<1000样本取最近有效箱,噪声稀疏箱不能给过窄容差而误删几何,M1参数: 距离噪声分布后验,按箱有效样本量对原残差分布与邻箱分布做收缩/边缘化；保留0.5m箱和0.5mm直方，不重新采样,sigma_cm、逐旧面判定与几何P/R/F1,不得引入调参权重；缺少有符号残差时记录限制,project_algorithm,保留（第1次：距离箱 σ 为对数随机游走的 RTS 平滑后验，1000 样本门与 min_bin_samples 删除）,1,aa9f494,2026-10-04 第1次：log σ 在距离箱上为随机游走，步方差 δ² 由相邻差的平方超出其抽样方差的矩估计给出；每箱中位尺度为观测，方差取高斯 MAD 估计量的渐近方差 1/(16nφ(z)²z²)=1.36/n（z=Φ⁻¹(3/4)）；RTS 平滑给每箱后验均值：样本多的箱保持自身估计，样本少的箱按精度向邻箱借，空箱取平滑邻值（同原最近箱）。真实 B 的 σ 表逐位不变；变化只在稀疏箱：合成第0箱 1.27→2.01，3RScan 远箱 2.03（照抄）→0.76（自身），Bonn 近箱。只影响会话末重融合的容差 τ，不改在线决策。25 测试；P37_attempt01（TUM 在启动握手卡死后于 P37_attempt01r 重试）真实 B 30 项、合成 97 行、3RScan、Bonn×3、TUM 全部在 48a3033 的 0.2pp 内。,reports/rewrite_goal/P37_attempt01_20261004_metrics.json;reports/rewrite_goal/P37_attempt01r_20261004_metrics.json,C3 深度、尺度与表面来源的误差模型,2：独立准备，主线实验等待时推进,是,reports/rewrite_goal/core_priority_plan_20261004.json
38,P38,session_update_baseline/session_core/src/surface/session_refusion.cpp:904-908,R07,只有前向法向且|残差|<=trunc才进入噪声估计,后层遮挡不能撑大噪声，真首表面误差必须可估,M1a: 噪声学习的对应可靠性,用既有首回波/法向与关联概率加权原全顶点直方图；保持全部顶点与既有截断支撑，不改采样,sigma_cm和旧面误删/重复层,截断选择偏差须显式保留或说明，不能宣称无偏标定,project_algorithm,已是后验形式：仅解释，不改代码（2026-10-04 闭合模型复核）,0,,尚未改代码或执行本条试验；用户已明确接受起点物理等价及随机评分<=0.2pp；缺失的相关跨会话对照补齐后验证；噪声直方图只收前向且 |残差|≤截断的样本：截断域就是式 (8) 的测量-表面对应域（与 R03–R06 同一观测域），背面与遮挡层不对应当前表面；这是 M1 的对应 a 的定义而非可调门槛。全顶点采样不变。0 次代码试验即结束本行。,reports/rewrite_goal/progress.json;baseline_3rscan_scene1_rigid_mismatch_diagnosis_20261003.json,C3 深度、尺度与表面来源的误差模型,2：独立准备，主线实验等待时推进,是,reports/rewrite_goal/core_priority_plan_20261004.json
39,P39,session_update_baseline/session_core/src/surface/session_refusion.cpp:931-935,R08,"tau=max(半体素,距离箱sigma)",粗网格离散误差和测距误差都不能忽略,M1a: 离散单元与传感器误差卷积,在原误差尺度上积分定位概率，替代硬max尺度切换；同一概率供命中、fill及错位对应，不引入额外截断边界,fill/shown_seen_through/shown_hidden/shown_displaced及全几何,消费点需各自小改验证；不直接改成任意RSS或加权和,project_algorithm,已是近似后验形式：仅解释（2026-10-05 第2轮复核）,0,,"尚未改代码或执行本条试验；用户已明确接受起点物理等价及随机评分<=0.2pp；缺失的相关跨会话对照补齐后验证；τ=max(h,σ) 取离散误差与测距散布中较大者。概率化（M1a 的卷积 g_{q,h}）需要“该读数不属于此面”假设的残差分布才能给出判定边界，现有实现没有；任何覆盖倍数都是新常数。；2026-10-05：τ 区分命中与看穿，须覆盖真实表面读数的误差支撑；量化主导（合成 h=2.5 cm、σ 0.5–2 cm）时贝叶斯边界在均匀误差边缘 h，噪声主导（真实 B h=1 cm、σ 1.4–2.5 cm）时在 σ 量级；max(h,σ) 是两极限的近似。换成合成标准差 √(h²/3+σ²) 会把量化区内 42% 的真实读数判为看穿（合成 τ 2.5→1.5 cm）；精确边界需声明覆盖率（新常数）。保留并解释。",reports/rewrite_goal/progress.json;baseline_3rscan_scene1_rigid_mismatch_diagnosis_20261003.json,C3 深度、尺度与表面来源的误差模型,2：独立准备，主线实验等待时推进,是,reports/rewrite_goal/core_priority_plan_20261004.json
40,P40,session_update_baseline/session_core/src/surface/session_refusion.cpp:393,R13,尺度估计关联残差<=background_truncation,尺度来自真正重测对应，不能由另一表面配对带偏,M1a: 跨帧重测对应概率,保持原64帧/步长16/搜索网格，关联残差按已有误差分布计算权重；不更换尺度估计目标,depth_scale与后续displaced记录,固定采样、搜索域及步长不得改变,project_algorithm,已是后验形式：仅解释，不改代码（2026-10-04 闭合模型复核）,0,,尚未改代码或执行本条试验；用户已明确接受起点物理等价及随机评分<=0.2pp；缺失的相关跨会话对照补齐后验证；尺度估计只用关联残差≤背景截断的跨帧重测对：截断域是式 (8) 的测量-表面对应域（与 P38 相同），不是可调门槛；尺度估计目标与搜索网格不变。,reports/rewrite_goal/progress.json;baseline_3rscan_scene1_rigid_mismatch_diagnosis_20261003.json,C3 深度、尺度与表面来源的误差模型,2：独立准备，主线实验等待时推进,否,reports/rewrite_goal/core_priority_plan_20261004.json
41,P41,session_update_baseline/session_core/src/surface/session_refusion.cpp:402,R13,尺度关联点<1000返回s=0,信息不足不能胡乱纠正尺度并删除旧表面,M1参数: 尺度后验可辨识性,以现有搜索各候选的不一致证据表达尺度不确定性，低信息时边缘化到未校正解释，替代点数开关,depth_scale、记忆退出和几何,不得用GT选择尺度或扫描新参数,project_algorithm,保留（第1次：BIC 判定是否采用拟合尺度，1000 对门删除）,1,1926d2e,2026-10-04 第1次：尺度 s 是残差尺度族的一个拟合参数，相对精确深度 s=0 的轮廓对数似然增益 n log(m_0/m_s)（两者的中位不一致），Laplace 近似的边际似然对一个参数扣 (1/2) log n（BIC）；增益超过扣除才采用拟合。数据：真实 B 48 万样本增益 238147，3RScan 26060，Bonn 675–13874，TUM 3344，全部远超约 7 的扣除，尺度与原来逐个相同；合成精确深度最佳尺度为 0、增益 0，不采用（同原）。25 测试；P41_attempt01 全部数据集在 48a3033 的 0.2pp 内。,reports/rewrite_goal/P41_attempt01_20261004_metrics.json,C3 深度、尺度与表面来源的误差模型,2：独立准备，主线实验等待时推进,否,reports/rewrite_goal/core_priority_plan_20261004.json
42,P42,session_update_baseline/session_core/src/surface/session_refusion.cpp:1180-1182,R14,历史正尺度max及当前正部 -> 两尺度误差窗,缺逐元素来源时宽窗容许真实旧错位副本被识别,M1参数: 历史尺度不确定性,用已保存历次尺度和来源条件计算旧/新对应的误差分布；不能直接改成差值或缩窄窗口删保护,shown_displaced逐面与B/C残影,缺每面原会话来源，可能无法单点识别；禁止新建侧文件框架,project_algorithm,保留（第1次：错位记忆误差窗取 |s|，三角不等式上界）,1,1efea15,"2026-10-05 第1次：深度按 (1+s) 缩放的读数沿射线偏离 |s|q，与 s 的正负无关；记忆元素来自更早会话（来源未知，取历史 |s| 的最大值为界），与当前位置之差 ≤ (|s_A|+|s_B|)q（三角不等式）。原式取 max(0,s)，负尺度（3RScan −0.0092/−0.0112、Bonn、TUM）使误差窗为 0、错位检验整段关闭。P47 其余条件可解释：d>2h（两表面各有 ±h 量化，差在 2h 内不可分辨）、视线侧别为几何条件。P42_attempt01_20261005：只有 3RScan B 变化——错位让位的记忆面 0→2014（被检 145930 面的 1.4%），复扫 @5cm P/R/F1 96.2/97.7/97.0（原 96.2/97.8/97.0），@10cm P 97.6→97.7；GT 影响正负各 0.1，属“差不多效果”；真实 B、合成、Bonn、TUM 不变（无负尺度或无记忆）。全部数据集在 48a3033 的 0.2pp 内。",reports/rewrite_goal/P42_attempt01_20261005_metrics.json,C3 深度、尺度与表面来源的误差模型,2：独立准备，主线实验等待时推进,是,reports/rewrite_goal/core_priority_plan_20261004.json
43,P43,session_update_baseline/session_core/src/surface/session_refusion.cpp:1093-1128,R09,足迹任一球内命中；全部有效且穿透才记through,轮廓、缺深度、旧自由空间不能误删薄面,M1a: 像素足迹的对应和可见性概率,固定足迹查询，边缘化像素关联和有效性得到一次帧观测的软证据；不把一个足迹多个像素当独立全权票,shown_seen_through与受影响物体/背景表面,P39；保留free_limit及状态域,project_algorithm,已是后验形式：仅解释，不改代码（2026-10-04 闭合模型复核）,0,,尚未改代码或执行本条试验；用户已明确接受起点物理等价及随机评分<=0.2pp；缺失的相关跨会话对照补齐后验证；足迹内“任一读数在 τ 球内即命中、全部有效且在 τ 外才穿透”：每个像素的 |r|≤τ 与球内判定是毫米量化读数上的 M1m MAP；命中为各像素“对应”事件的并，穿透为“全部不对应”的交，在每像素质量为 0/1 的非边界处正是并/交事件的后验判定。同一足迹多个像素不作独立全票（一次帧观测给一票）。,reports/rewrite_goal/progress.json;baseline_3rscan_scene1_rigid_mismatch_diagnosis_20261003.json,D2 背景与表面更新消费者,3：复用C3，保留各原机制,否,reports/rewrite_goal/core_priority_plan_20261004.json
44,P44,session_update_baseline/session_core/src/surface/session_refusion.cpp:1186,R10,through>hit -> seen_through,浅穿透残影退役；零证据和平票仍保留,M3: 单表面存续后验,把已有直接票解释为同一首回波似然下的后验比较并接入测量置信；仅将整数换成浮点多数不算概率推广,shown_seen_through逐面、正确记忆保留率,P43；当前对称多数已经有概率解释，不为形式改代码,project_algorithm,已是后验形式：仅解释，不改代码（2026-10-04 闭合模型复核）,0,,尚未改代码或执行本条试验；用户已明确接受起点物理等价及随机评分<=0.2pp；缺失的相关跨会话对照补齐后验证；through>hit 退役：同一状态内的表面细化不涉及状态改变，先验相等；对称投票模型下对数似然比 (F−H)log[p/(1−p)] 对任何 p>1/2 只取决于 F−H，多数票是精确后验符号，平票与零证据保留（README 6.1）。0 次代码试验即结束本行。,reports/rewrite_goal/progress.json;baseline_3rscan_scene1_rigid_mismatch_diagnosis_20261003.json,D2 背景与表面更新消费者,3：复用C3，保留各原机制,否,reports/rewrite_goal/core_priority_plan_20261004.json
45,P45,session_update_baseline/session_core/src/surface/session_refusion.cpp:1187,R11,H=F=0且2*blocked_band>blocked -> hidden,处理近邻重复层而保留真实深遮挡记忆,M1/M3: 近邻重复层/真实遮挡的后验,保留直接证据优先关系；用带内/带外遮挡测量的不确定性比较两解释，零直接计数改为条件证据量,shown_hidden及被挡正确面保留,不得把任意遮挡当缺席；与直接票相关,project_algorithm,已是后验形式：仅解释，不改代码（2026-10-04 闭合模型复核）,0,,尚未改代码或执行本条试验；用户已明确接受起点物理等价及随机评分<=0.2pp；缺失的相关跨会话对照补齐后验证；H=F=0 时 2·B_T>B：同一对称投票结构在“近邻重复层”与“真实更深遮挡”之间的精确后验符号；只在无直接票时生效，避免派生摘要与直接票重复计数（README 6.1）。0 次代码试验即结束本行。,reports/rewrite_goal/progress.json;baseline_3rscan_scene1_rigid_mismatch_diagnosis_20261003.json,D2 背景与表面更新消费者,3：复用C3，保留各原机制,否,reports/rewrite_goal/core_priority_plan_20261004.json
46,P46,session_update_baseline/session_core/src/surface/session_refusion.cpp:1087-1090,R12,r0>=-trunc才reached，取最近量程帧,错位副本需要有实际到达范围的视角,M1: 到达相机和尺度对应的置信,在原帧集合内以到达概率边缘化相机对应，替代硬最近选择；保持该量不是物体可见性的声明,shown_displaced及对应量程/方向,不能增加抽样相机或另设到达阈值,project_algorithm,已是后验形式：仅解释，不改代码（2026-10-04 闭合模型复核）,0,,尚未改代码或执行本条试验；用户已明确接受起点物理等价及随机评分<=0.2pp；缺失的相关跨会话对照补齐后验证；r0≥−T 判定“读数到达旧面截断带”：作用在毫米量化读数上，逐点等于 M1m 的 MAP；取最近到达视角是确定的几何选择（量程最小者给出最紧误差窗），不是概率门。,reports/rewrite_goal/progress.json;baseline_3rscan_scene1_rigid_mismatch_diagnosis_20261003.json,D2 背景与表面更新消费者,3：复用C3，保留各原机制,否,reports/rewrite_goal/core_priority_plan_20261004.json
47,P47,session_update_baseline/session_core/src/surface/session_refusion.cpp:1189-1196,R12,正尺度+到达+d>2h+d<=tau+误差窗+视线侧别 -> displaced,旧副本躲在新表面之后也能退出，真实近邻面受保护,M1/M3: 尺度错位对应与表面保留后验,固定原候选，联合积分尺度、位置和视线侧别误差；保留所有物理条件的作用而非删分支加一个分数,shown_displaced逐面、B/C双层和召回,"P39,P42,P46；不直接用|sA-sB|替代原宽窗",project_algorithm,保留（随 P42 第1次：误差窗取 |s|；d>2h 为两表面量化不可分辨，视线侧别为几何条件）,0,,尚未改代码或执行本条试验；用户已明确接受起点物理等价及随机评分<=0.2pp；缺失的相关跨会话对照补齐后验证；错位副本判定的距离部分（d>2h、d≤窗）是 M1g 的 MAP；真正的硬近似是误差窗 τ+(s_A+s_B)q（README 6.1：保守误差窗而非方差相加）。按目标需积分尺度/对应不确定性，但历次尺度只存正部最大值、无逐元素来源与方差（P41/P42），尺度后验不可识别；换成别的窗口公式等于调参。；2026-10-05：随 P42 的 |s| 误差窗，P47 判定中的 d>2h（两表面各 ±h 量化不可分辨）与视线侧别给出解释；错位窗口不再只取正尺度。τ 部分见 P39。,reports/rewrite_goal/progress.json;baseline_3rscan_scene1_rigid_mismatch_diagnosis_20261003.json,D2 背景与表面更新消费者,3：复用C3，保留各原机制,否,reports/rewrite_goal/core_priority_plan_20261004.json
48,P48,"session_update_baseline/session_core/src/surface/session_refusion.cpp:1066-1071,1205-1206",R15,有投影且中心有效深度即in_view，进入INSIDE,避免未拍到区域任意形状裁剪，同时保留现有床/柜旧内部面处理,M1: 可见条件与形状对应适用性,用原帧可见性不确定性给形状证据可信度；不把in_view悄悄改为reached并丢掉原机制收益,inside_retired与隐藏正确面GT,现有in_view非真实可见；只能由GT与全部指标验证,project_algorithm,已是后验形式：仅解释，不改代码（2026-10-04 闭合模型复核）,0,,尚未改代码或执行本条试验；用户已明确接受起点物理等价及随机评分<=0.2pp；缺失的相关跨会话对照补齐后验证；in_view=投影处有有效深度：是 INSIDE 形状检验的测量可用条件（M1 的 v），不是证据门；README R15 已写明它不保证旧点可见，属该形状假设的适用限制。,reports/rewrite_goal/progress.json;baseline_3rscan_scene1_rigid_mismatch_diagnosis_20261003.json,D2 背景与表面更新消费者,3：复用C3，保留各原机制,否,reports/rewrite_goal/core_priority_plan_20261004.json
49,P49,session_update_baseline/session_core/src/surface/session_refusion.cpp:328,R15,距任意present表面<=一体素则跳过INSIDE,测量/网格误差附近的旧面不能被内部判据误删,M1: 旧点与当下表面的对应概率,保留已有最近面查询，以分辨率和噪声对近表面假设加权；保持同身份内部测试及64方向,inside_retired、真实静态补全与新表面,P39；禁止改64方向或增加新距离界,project_algorithm,已是后验形式：仅解释，不改代码（2026-10-04 闭合模型复核）,0,,尚未改代码或执行本条试验；用户已明确接受起点物理等价及随机评分<=0.2pp；缺失的相关跨会话对照补齐后验证；“距 present 表面一体素内”是两份离散表示的对应事件：按 M1g 的两均匀相位差（三角分布，支撑 ±r），取 T=r=体素时 p_near(d)≥1/2 ⇔ d≤r，硬判定即后验 MAP，平票归近邻。,reports/rewrite_goal/progress.json;baseline_3rscan_scene1_rigid_mismatch_diagnosis_20261003.json,D2 背景与表面更新消费者,3：复用C3，保留各原机制,否,reports/rewrite_goal/core_priority_plan_20261004.json
50,P50,session_update_baseline/session_core/src/surface/session_refusion.cpp:334-337,R15,first-hit法向正负计behind/front，behind>front退役,新壳内部旧面退出，表面外部静态视角保留,M1/M3: 条件于新几何的内外形状后验,固定64方向，按几何法向/对应不确定性积分内外概率，再作同一风险比较；方向为求积，不得宣称64次独立测量,inside_retired逐物体与最终几何,"P48,P49；不能改方向数或当新传感器证据",project_algorithm,已是后验形式：仅解释，不改代码（2026-10-04 闭合模型复核）,0,,尚未改代码或执行本条试验；用户已明确接受起点物理等价及随机评分<=0.2pp；缺失的相关跨会话对照补齐后验证；64 个 Fibonacci 方向是立体角求积，不是 64 次测量；behind>front 是条件于已估计新壳的内外测度比较，在等先验、等损失下就是后验 MAP（README 6.1）。0 次代码试验即结束本行。,reports/rewrite_goal/progress.json;baseline_3rscan_scene1_rigid_mismatch_diagnosis_20261003.json,D2 背景与表面更新消费者,3：复用C3，保留各原机制,否,reports/rewrite_goal/core_priority_plan_20261004.json
51,P51,"session_update_baseline/session_core/src/surface/session_refusion.cpp:1060-1062,1135",R16,任一帧在tau内命中则fill保留,TSDF未积分角导致的孔洞不能丢掉真实在线面,M1/M3: 在线面被实测支持的后验,八角缺失仍是精确可用性条件，仅把任一帧硬命中推广为同一残差似然的支持置信；保留补洞动作,fill.kept、天花板/细面几何与归属,P39；输入和TSDF分配采样保持原样,project_algorithm,已是后验形式：仅解释，不改代码（2026-10-04 闭合模型复核）,0,,尚未改代码或执行本条试验；用户已明确接受起点物理等价及随机评分<=0.2pp；缺失的相关跨会话对照补齐后验证；fill 的“某帧读数在 τ 内”：每帧比较是毫米量化读数上的 M1m MAP，“任一帧”是各帧对应事件之并；八角缺失是精确可用性条件。逐点与后验判定相同。,reports/rewrite_goal/progress.json;baseline_3rscan_scene1_rigid_mismatch_diagnosis_20261003.json,D2 背景与表面更新消费者,3：复用C3，保留各原机制,否,reports/rewrite_goal/core_priority_plan_20261004.json
52,P52,session_update_baseline/session_core/src/surface/session_refusion.cpp:1162-1164,R17,最近current物体面在一体素内赋该身份，否则背景,分割漏标不能把已推理物体表面消失,M1a: 新表面对当前物体身份的关联后验,以已有current几何与误差分布边缘化候选身份并比较后验，保留背景解释和物体推理权威,object_faces、Bonn箱子终点、逐物体表面,不能改输入语义/目录或像素投票另造身份框架,project_algorithm,已是后验形式：仅解释，不改代码（2026-10-04 闭合模型复核）,0,,尚未改代码或执行本条试验；用户已明确接受起点物理等价及随机评分<=0.2pp；缺失的相关跨会话对照补齐后验证；新面身份取一体素内最近 current 物体面：与 P49 同一 M1g 对应事件（T=r=体素），p_near≥1/2 ⇔ d≤r，硬判定即 MAP；其余归背景，物体推理仍是身份权威。,reports/rewrite_goal/progress.json;baseline_3rscan_scene1_rigid_mismatch_diagnosis_20261003.json,D2 背景与表面更新消费者,3：复用C3，保留各原机制,否,reports/rewrite_goal/core_priority_plan_20261004.json
53,P53,session_update_baseline/session_core/src/runtime/session_backend.cpp:113-132;session_update_baseline/session_core/src/adapters/backend_session.cpp:63-75,R22,距加载状态3mm内判为memory,原几何来源可追溯且浮点误差不打断记忆,M1: 来源匹配概率,若现有映射无精确来源键，以序列化往返误差定义来源对应概率；精确可匹配者保留确定来源，shown仍直接用来源,memory/own/fill分类与正确记忆保留,不得新增复制目录或整套逐元素侧文件,project_algorithm,未能推广（2026-10-05 诊断：3 mm 是补洞对已显示记忆的去重容差，不是浮点舍入）,0,,尚未改代码或执行本条试验；用户已明确接受起点物理等价及随机评分<=0.2pp；缺失的相关跨会话对照补齐后验证；3 mm 是载入状态与输出几何的浮点往返匹配容差（来源对应），不是测量概率；P53 预检反例表明距离不能单独识别来源（新重建顶点可与旧顶点重合），概率化需要精确来源键或往返误差分布，现有接口没有。；2026-10-05 诊断（c35d3b7，DIAG3_20261005）：最终图顶点到最近载入记忆点的距离——真实 B <1e-8 m 792031、1e-8–1e-6 m 21775、1e-6–1e-4 m 4640、0.1–1 mm 41561、1–10 mm 353538；3RScan B 对应 151752、10344、936、7774、69492。浮点往返误差全部 ≤1e-6 m；3 mm 另外把真实 B 约 13 万、3RScan 约 2.5 万个本会话新重建、贴近旧表面的顶点算作记忆。在已显示记忆模式下，is_memory 只决定哪些面是“自己的面”从而可作补洞候选：它实为补洞相对已显示记忆的去重容差（源码注释“吸收浮点舍入”不符）。两种可推导替代：精确来源（≤1e-6 m）使约 14% 的点成为自己的面、补洞与记忆重复；M1g 体素对应（≤r，2/5 cm）使一半以上成为记忆、被看穿让位的记忆区域无法补回。数据中无可推出 3 mm 的量，未上线试验。,reports/rewrite_goal/progress.json;baseline_3rscan_scene1_rigid_mismatch_diagnosis_20261003.json；runs/rewrite_goal_DIAG3_20261005 MEMORY_DISTANCE_HIST,C3 深度、尺度与表面来源的误差模型,2：独立准备，主线实验等待时推进,是,reports/rewrite_goal/core_priority_plan_20261004.json
54,P54,session_update_baseline/session_core/src/adapters/physical_object_merge.cpp:107-173,"X02,B02",无registry遗留路径按动态历史、重建支持max和旧种子1000择几何,避免旧种子假支撑压过新观察；保留旧格式兼容,M1/M3: 遗留观测几何可靠性,先核实是否生产可达；可达时对来源可靠度作概率比较，保持registry权威。仅改当前未用路径不算统一算法推进,有/无registry分路径，不能将单测当在线生产验收,生产SessionBackend启用registry；兼容路径适用性需证据,project_algorithm,未能推广（生产路径不可达，0 次代码试验）,0,,尚未改代码或执行本条试验；用户已明确接受起点物理等价及随机评分<=0.2pp；缺失的相关跨会话对照补齐后验证；无 registry 的遗留几何选择只在旧格式/离线路径；生产 SessionBackend 始终有 registry，几何由 registry 按 P08–P11 后验决定。改不可达路径不是推广。,reports/rewrite_goal/progress.json;baseline_3rscan_scene1_rigid_mismatch_diagnosis_20261003.json,B0 外部置信、冻结输入与兼容边界,边界核查：轻量并行，不占主攻,否,reports/rewrite_goal/core_priority_plan_20261004.json
55,P55,session_update_baseline/ports/mapping_core/khronos/src/backend/reconciliation/reconciler.cpp::mergeObjectMeshes,RC02,原生/既有接入的同ID包围盒不相交择较新，重叠并集,新旧位置不能并集，旧历史保持,M1/M3: 原生对应提案,只读记录其对应假设；项目registry对同一物理关系应用后验，不能修改Khronos原生函数来完成此行,核查项目边界和最终registry物化,原生代码只读；当前任务不能直接修改此处,read_only_native_boundary,未能推广（只读原生边界，0 次代码试验）,0,,尚未改代码或执行本条试验；用户已明确接受起点物理等价及随机评分<=0.2pp；缺失的相关跨会话对照补齐后验证；Reconciler::mergeObjectMeshes 是原生 Khronos 函数，任务约束只读；项目 registry 在其后按同一后验约束几何（P08–P11）。,reports/rewrite_goal/progress.json;baseline_3rscan_scene1_rigid_mismatch_diagnosis_20261003.json,B0 外部置信、冻结输入与兼容边界,边界核查：轻量并行，不占主攻,否,reports/rewrite_goal/core_priority_plan_20261004.json
56,P56,session_update_baseline/configs/room18_instance_5cm.yaml:199;各数据集冻结label_space/physical_catalog;session_update_baseline/scripts/nss_flat_ros2_player.py,"I01,S14",类别硬表、语义到物体/背景及目录语义映射,保持跨会话身份和固定输入评分协议；类别不得替代测量,M1条件输入与M2类别先验边界,可移动表仅在P01改为先验使用；其余输入类别/实例目录是冻结条件，不修改输入映射或原生类别路由。列出全部表并记录不能越界的原因,逐配置哈希、同一帧标签一致、类别只影响q,禁止改输入采样/标签/目录，外部数据只读,frozen_input_boundary,未能推广（冻结输入协议，0 次代码试验）,0,,尚未改代码或执行本条试验；用户已明确接受起点物理等价及随机评分<=0.2pp；缺失的相关跨会话对照补齐后验证；类别表、实例目录与语义映射是冻结输入；可移动名单只经 P01 作为 q 的先验方向进入，其余不得改输入映射或原生类别路由。,reports/rewrite_goal/progress.json;baseline_3rscan_scene1_rigid_mismatch_diagnosis_20261003.json,B0 外部置信、冻结输入与兼容边界,边界核查：轻量并行，不占主攻,否,reports/rewrite_goal/core_priority_plan_20261004.json
