frame,session,phase,session_checkpoint,session_time_s,source_time_s,ply,overlay,dynamic_history,dynamic_tracks,display_object_meshes,initial_vertices,removed_vertices,injected_vertices,final_vertices,prior_matched_objects,prior_restored_objects,prior_absent_objects,prior_unobserved_objects,cross_session_prior_vertices,cross_session_current_vertices,cross_session_prior_absent_vertices,cross_session_prior_persistent_vertices,cross_session_prior_unobserved_vertices,cross_session_current_injected_vertices
0,A,within_session,0,3.620000001,2.620000001,frames/frame_000_A_00.ply,frames/frame_000_A_00.json,diagnostics/A_dynamic_history.json,1,True,4289,0,0,4289,0,0,0,0,0,0,0,0,0,0
1,A,within_session,1,5.820002001,4.820002001,frames/frame_001_A_01.ply,frames/frame_001_A_01.json,diagnostics/A_dynamic_history.json,0,True,5188,0,0,5188,0,0,0,0,0,0,0,0,0,0
2,A,within_session,2,8.070002001,7.070002001,frames/frame_002_A_02.ply,frames/frame_002_A_02.json,diagnostics/A_dynamic_history.json,1,True,5199,0,0,5199,0,0,0,0,0,0,0,0,0,0
3,A,within_session,3,10.320002,9.320002,frames/frame_003_A_03.ply,frames/frame_003_A_03.json,diagnostics/A_dynamic_history.json,1,True,5859,0,0,5859,0,0,0,0,0,0,0,0,0,0
4,A,within_session,4,12.570002,11.570002,frames/frame_004_A_04.ply,frames/frame_004_A_04.json,diagnostics/A_dynamic_history.json,1,True,9246,0,0,9246,0,0,0,0,0,0,0,0,0,0
5,A,within_session,5,14.820002,13.820002,frames/frame_005_A_05.ply,frames/frame_005_A_05.json,diagnostics/A_dynamic_history.json,1,True,12964,0,0,12964,0,0,0,0,0,0,0,0,0,0
6,A,within_session,6,17.120002,16.120002,frames/frame_006_A_06.ply,frames/frame_006_A_06.json,diagnostics/A_dynamic_history.json,0,True,14360,0,0,14360,0,0,0,0,0,0,0,0,0,0
7,A,within_session,7,19.370002,18.370002,frames/frame_007_A_07.ply,frames/frame_007_A_07.json,diagnostics/A_dynamic_history.json,0,True,17258,0,0,17258,0,0,0,0,0,0,0,0,0,0
8,A,within_session,8,21.620002,20.620002,frames/frame_008_A_08.ply,frames/frame_008_A_08.json,diagnostics/A_dynamic_history.json,0,True,20603,82,3169,23690,0,0,0,0,0,0,0,0,0,0
9,A,within_session,9,23.870002,22.870002,frames/frame_009_A_09.ply,frames/frame_009_A_09.json,diagnostics/A_dynamic_history.json,0,True,22513,85,3400,25828,0,0,0,0,0,0,0,0,0,0
10,A,within_session,10,26.120002001,25.120002001,frames/frame_010_A_10.ply,frames/frame_010_A_10.json,diagnostics/A_dynamic_history.json,0,True,26878,85,6684,33477,0,0,0,0,0,0,0,0,0,0
11,A,within_session,11,28.370002001,27.370002001,frames/frame_011_A_11.ply,frames/frame_011_A_11.json,diagnostics/A_dynamic_history.json,0,True,27971,85,6684,34570,0,0,0,0,0,0,0,0,0,0
12,A,within_session,12,30.620002001,29.620002001,frames/frame_012_A_12.ply,frames/frame_012_A_12.json,diagnostics/A_dynamic_history.json,0,True,28169,205,11646,39610,0,0,0,0,0,0,0,0,0,0
13,B,cross_session_with_A_memory,0,3.5,214.769982,frames/frame_013_B_00.ply,frames/frame_013_B_00.json,diagnostics/B_dynamic_history.json,0,True,39610,0,0,39180,0,10,1,10,39610,5156,600,10443,28567,170
14,B,cross_session_with_A_memory,1,5.75,212.519982,frames/frame_014_B_01.ply,frames/frame_014_B_01.json,diagnostics/B_dynamic_history.json,0,True,39610,0,0,37052,0,10,1,10,39610,8905,2914,14536,22160,356
15,B,cross_session_with_A_memory,2,8.0,210.269982,frames/frame_015_B_02.ply,frames/frame_015_B_02.json,diagnostics/B_dynamic_history.json,0,True,39610,0,0,38320,0,10,1,10,39610,14145,3063,18592,17955,1773
16,B,cross_session_with_A_memory,3,10.25,208.019982,frames/frame_016_B_03.ply,frames/frame_016_B_03.json,diagnostics/B_dynamic_history.json,0,True,39610,0,12,38817,4,6,1,6,39610,15453,2786,19358,17466,1981
17,B,cross_session_with_A_memory,4,12.5,205.769982,frames/frame_017_B_04.ply,frames/frame_017_B_04.json,diagnostics/B_dynamic_history.json,0,True,39610,0,12,39332,5,5,1,5,39610,16308,2842,19875,16893,2552
18,B,cross_session_with_A_memory,5,14.75,203.519982,frames/frame_018_B_05.ply,frames/frame_018_B_05.json,diagnostics/B_dynamic_history.json,0,True,39610,0,12,40517,5,5,1,5,39610,19387,3317,23891,12402,4212
19,B,cross_session_with_A_memory,6,17.049999999,201.219982001,frames/frame_019_B_06.ply,frames/frame_019_B_06.json,diagnostics/B_dynamic_history.json,0,True,39610,0,182,44205,5,5,1,5,39610,23342,3385,24298,11927,7798
20,B,cross_session_with_A_memory,7,19.299999999,198.969982001,frames/frame_020_B_07.ply,frames/frame_020_B_07.json,diagnostics/B_dynamic_history.json,0,True,39610,0,300,46605,5,5,1,5,39610,25624,3385,24298,11927,10080
21,B,cross_session_with_A_memory,8,21.549999999,196.719982001,frames/frame_021_B_08.ply,frames/frame_021_B_08.json,diagnostics/B_dynamic_history.json,0,True,39610,0,300,48483,6,4,1,4,39610,27507,3385,24296,11929,11958
22,B,cross_session_with_A_memory,9,23.799999999,194.469982001,frames/frame_022_B_09.ply,frames/frame_022_B_09.json,diagnostics/B_dynamic_history.json,0,True,39610,0,300,50929,6,4,1,4,39610,30426,3403,24728,11479,14422
23,B,cross_session_with_A_memory,10,26.049999999,192.219982001,frames/frame_023_B_10.ply,frames/frame_023_B_10.json,diagnostics/B_dynamic_history.json,0,True,39610,0,4170,54733,6,4,1,4,39610,30821,3389,25027,11194,14342
24,B,cross_session_with_A_memory,11,28.299999999,189.969982001,frames/frame_024_B_11.ply,frames/frame_024_B_11.json,diagnostics/B_dynamic_history.json,0,True,39610,0,6915,57631,6,4,1,4,39610,31586,3387,25640,10583,14493
25,B,cross_session_with_A_memory,12,30.549999999,187.719982001,frames/frame_025_B_12.ply,frames/frame_025_B_12.json,diagnostics/B_dynamic_history.json,0,True,39610,0,7499,58424,6,4,1,4,39610,31904,3387,25816,10407,14702
