time,deleted,why,code,where the metrics are
2026-10-06 19:11,/home/jixian/Desktop/FT/runs/update_layer_game_real_flat_20261001/row3/session_*/timeline.pkl,"superseded (GaME runs of 2026-09-30 / 10-01, before C4/C5/T1; the current rows are update_layer_game_T1_20261006)",code: run.json has no commit field,metrics kept on disk in the run's eval dir; summary: A G1@5 P/R/F1 89.82/89.38/89.60; D2_A 1/0/0; B G1@5 P/R/F1 87.10/89.18/88.13; D2_B 2/0/0; D3_AB 11/0/7; C G1@5 P/R/F1 82.16/87.31/84.66; D2_C 1/0/1; D3_BC 4/1/8
2026-10-06 19:11,/home/jixian/Desktop/FT/runs/update_layer_game_real_flat_20261001/row4/session_*/timeline.pkl,"superseded (GaME runs of 2026-09-30 / 10-01, before C4/C5/T1; the current rows are update_layer_game_T1_20261006)",code: run.json has no commit field,metrics kept on disk in the run's eval dir; summary: A G1@5 P/R/F1 87.79/90.00/88.89; D2_A 1/1/0; B G1@5 P/R/F1 84.73/91.89/88.16; D2_B 2/1/0; D3_AB 11/1/7; C G1@5 P/R/F1 86.66/91.00/88.78; D2_C 1/0/1; D3_BC 4/0/8
2026-10-06 19:11,/home/jixian/Desktop/FT/runs/update_layer_game_syn_kf_20260930/row1/session_*/timeline.pkl,"superseded (GaME runs of 2026-09-30 / 10-01, before C4/C5/T1; the current rows are update_layer_game_T1_20261006)",code: run.json has no commit field,metrics kept on disk in the run's eval dir; summary: A mesh P/R/F1@5 88.97/90.30/89.63; B mesh P/R/F1@5 85.57/71.50/77.91; a D1_visible 2/0/0; b D1_visible 3/0/1; ab D1_visible 5/0/1; a D2_hidden 23/1/1; b D2_hidden 9/0/1; ab D2_hidden 32/1/2; b D3 31/1/1; ab D3 31/1/1; a mixed_visibility 2/0/2; b mixed_visibility 1/0/1; ab mixed_visibility 3/0/3; b visibility_change 3/0/0; ab visibility_change 3/0/0
2026-10-06 19:11,/home/jixian/Desktop/FT/runs/update_layer_game_syn_kf_20260930/row2/session_*/timeline.pkl,"superseded (GaME runs of 2026-09-30 / 10-01, before C4/C5/T1; the current rows are update_layer_game_T1_20261006)",code: run.json has no commit field,metrics kept on disk in the run's eval dir; summary: A mesh P/R/F1@5 91.08/91.57/91.32; B mesh P/R/F1@5 85.86/91.75/88.71; a D1_visible 1/0/1; b D1_visible 3/0/1; ab D1_visible 4/0/2; a D2_hidden 20/0/4; b D2_hidden 8/4/2; ab D2_hidden 28/4/6; b D3 24/0/8; ab D3 24/0/8; a mixed_visibility 2/0/2; b mixed_visibility 1/0/1; ab mixed_visibility 3/0/3; b visibility_change 3/0/0; ab visibility_change 3/0/0
2026-10-06 19:11,/home/jixian/Desktop/FT/runs/update_layer_game_syn_kf_20260930/row3/session_*/timeline.pkl,"superseded (GaME runs of 2026-09-30 / 10-01, before C4/C5/T1; the current rows are update_layer_game_T1_20261006)",code: run.json has no commit field,metrics kept on disk in the run's eval dir; summary: A mesh P/R/F1@5 87.51/90.00/88.73; B mesh P/R/F1@5 79.79/86.25/82.89; a D1_visible 2/0/0; b D1_visible 3/0/1; ab D1_visible 5/0/1; a D2_hidden 23/0/1; b D2_hidden 8/0/2; ab D2_hidden 31/0/3; b D3 25/0/7; ab D3 25/0/7; a mixed_visibility 3/0/1; b mixed_visibility 1/0/1; ab mixed_visibility 4/0/2; b visibility_change 3/0/0; ab visibility_change 3/0/0
2026-10-06 19:11,/home/jixian/Desktop/FT/runs/update_layer_game_syn_kf_20260930/row4/session_*/timeline.pkl,"superseded (GaME runs of 2026-09-30 / 10-01, before C4/C5/T1; the current rows are update_layer_game_T1_20261006)",code: run.json has no commit field,metrics kept on disk in the run's eval dir; summary: A mesh P/R/F1@5 89.31/92.97/91.10; B mesh P/R/F1@5 81.66/89.83/85.55; a D1_visible 2/0/0; b D1_visible 3/0/1; ab D1_visible 5/0/1; a D2_hidden 24/1/0; b D2_hidden 8/0/2; ab D2_hidden 32/1/2; b D3 28/0/4; ab D3 28/0/4; a mixed_visibility 3/0/1; b mixed_visibility 1/0/1; ab mixed_visibility 4/0/2; b visibility_change 3/0/0; ab visibility_change 3/0/0
2026-10-06 19:11,"/home/jixian/Desktop/FT/runs/update_layer_game_T1_20261006/analysis/v2_statebind_run_v1 and v2_statebind_run: session_*/timeline.pkl, eval_real/*.ply","failed (per-state binding, reverted)",tool 774221a / 4b48d3b; decision c5fef9f,"metrics in records/experiments_20261005.csv (row 'GaME per-state binding', 17:40-18:12); eval_real json/csv kept"
2026-10-06 19:11,"/home/jixian/Desktop/FT/runs/update_layer_game_T1_20261006/analysis/v2_e1ctl_run: session_*/timeline.pkl, eval_real/*.ply",superseded (E1 re-emission control of the readout check),64b92df,metrics in records/experiments_20261005.csv (readout check rows); eval_real json/csv kept
2026-10-06 19:11,"/home/jixian/Desktop/FT/runs/update_layer_game_T1_20261006/smoke3_real_ab_row4, smoke_real_a_row4: checkpoints, timelines, ply, npz","superseded smokes (10-06 morning, before 457de84)",see run logs,smoke results in records (G5 offline rows); small json/log files kept
2026-10-06 19:11,"/home/jixian/Desktop/FT/runs/update_layer_game_T1_20261006/real_row4: checkpoints, timelines, ply","failed/superseded (80d5da8, stopped incomplete; replaced by real_row4v2)",80d5da8,metrics and revert reason in records/experiments_20261005.csv (rows naming 80d5da8)
