session,metric,row 3 v3 (pre_ref),row 1 v4 (pre_ref),row 3 v3 post_ref,row 1 v4 post_ref,TSDF L2_FINAL2 (full_eval),note
A,D1 live dynamics time P/R/F1,missing: not produced by this run,missing: not produced by this run,missing: not produced by this run,missing: not produced by this run,-/0.0/0.0,
A,D1 trajectory coverage,missing: not produced by this run,missing: not produced by this run,missing: not produced by this run,missing: not produced by this run,0.0,
A,D1 visible State F1,100.0,100.0,100.0,100.0,100.0,
A,D1 visible State TP/FP/FN,2/0/0,2/0/0,2/0/0,2/0/0,2/0/0,
A,D2 State F1,82.93,82.93,82.93,82.93,100.0,
A,D2 State TP/FP/FN,17/0/7,17/0/7,17/0/7,17/0/7,24/0/0,
A,Final Object TP/FP/FN,28/0/0,28/0/0,28/0/0,28/0/0,26/0/1,
A,MAD (cm),3.3983,2.6438,3.3983,2.6438,0.55,
A,Mesh F1@10cm,96.44,96.78,96.44,96.78,99.77,
A,Mesh F1@20cm,97.89,98.38,97.89,98.38,99.93,
A,Mesh F1@5cm,93.68,93.77,93.68,93.77,98.7,
A,Mesh Precision@5cm,90.39,90.6,90.39,90.6,98.95,
A,Observed GT coverage (Recall)@5cm,97.21,97.17,97.21,97.17,98.45,
A,Online Object F1 compat (non-empty output),97.2,97.2,97.2,97.2,91.83,
A,Online Object F1 full duration,89.67,89.67,89.67,89.67,84.98,
A,mixed visibility State F1,66.67,66.67,66.67,66.67,100.0,
A,mixed visibility State TP/FP/FN,2/0/2,2/0/2,2/0/2,2/0/2,4/0/0,
A->B,D1 live dynamics time P/R/F1,missing: not produced by this run,missing: not produced by this run,missing: not produced by this run,missing: not produced by this run,-/0.0/0.0,
A->B,D1 trajectory coverage,missing: not produced by this run,missing: not produced by this run,missing: not produced by this run,missing: not produced by this run,0.0,
A->B,D1 visible State F1,85.71,85.71,85.71,85.71,85.71,
A->B,D1 visible State TP/FP/FN,3/0/1,3/0/1,3/0/1,3/0/1,3/0/1,
A->B,D2 State F1,88.89,88.89,94.74,94.74,100.0,
A->B,D2 State TP/FP/FN,8/0/2,8/0/2,9/0/1,9/0/1,10/0/0,
A->B,D3 State F1,81.48,93.75,83.64,93.75,95.08,
A->B,D3 State TP/FP/FN,22/0/10,30/2/2,23/0/9,30/2/2,29/0/3,
A->B,Final Object TP/FP/FN,23/3/0,22/3/1,23/3/0,22/3/1,23/0/1,
A->B,MAD (cm),3.5717,3.219,9.0291,3.0141,0.63,
A->B,Mesh F1@10cm,94.69,87.98,87.8,85.56,99.63,
A->B,Mesh F1@20cm,97.39,90.97,93.33,89.46,99.8,
A->B,Mesh F1@5cm,90.25,84.91,80.18,81.23,98.8,
A->B,Mesh Precision@5cm,86.46,89.95,73.31,86.42,98.97,
A->B,Observed GT coverage (Recall)@5cm,94.39,80.41,88.46,76.63,98.64,
A->B,Online Object F1 compat (non-empty output),96.24,90.03,96.24,90.03,91.28,
A->B,Online Object F1 full duration,96.24,81.82,96.24,81.82,91.28,
A->B,Retention of A-correct surface in B @5cm,95.87,77.99,88.49,73.2,99.76,
A->B,mixed visibility State F1,66.67,66.67,66.67,100.0,100.0,
A->B,mixed visibility State TP/FP/FN,1/0/1,1/0/1,1/0/1,2/0/0,2/0/0,
A->B,retention absent_residue,37.35,23.27,36.65,24.5,missing: not in the TSDF evaluation,
A->B,retention present_kept,96.95,94.15,91.89,87.3,missing: not in the TSDF evaluation,
A->B,retention unobserved_retention,74.15,18.15,54.63,14.58,missing: not in the TSDF evaluation,
A->B,visibility change State F1,50.0,80.0,100.0,100.0,100.0,
A->B,visibility change State TP/FP/FN,1/0/2,2/0/1,3/0/0,3/0/0,3/0/0,
