session,metric,"row 4 v4 (9e50f83, F2 pre_ref, first echo)",row 4 v4 post_ref (C refined once),"row 3 (5aa4b28, F1, E1; old protocol)","row 1 (old run, F1, E1, surfel only; old protocol)","row 4 v2 (457de84, F1, E1; old protocol)",TSDF L2_FINAL2,note
A,D1 person P/R/F1,98.58/100.0/99.29,98.58/100.0/99.29,missing: not produced by this run,missing: not produced by this run,98.58/100.0/99.29,missing: not in the TSDF evaluation,
A,D1 person P/R/F1 (main: frames the layer processed),98.58/100.0/99.29,98.58/100.0/99.29,missing: not produced by this run,missing: not produced by this run,missing: not produced by this run,missing: not in the TSDF evaluation,
A,D2 TP/FP/FN,1/0/0,missing: not produced by this run,1/1/0,1/0/0,1/2/0,1/0/0,
A,G1@5 F1 (median TSDF),93.08,missing: not produced by this run,93.1,missing: not produced by this run,93.05,n/a: the TSDF version's own mesh (row above),
A,G1@5 F1 (surfel),93.01,missing: not produced by this run,91.54,92.16,91.9,98.65,
A,G1@5 P (median TSDF),95.59,missing: not produced by this run,95.29,missing: not produced by this run,95.37,n/a: the TSDF version's own mesh (row above),
A,G1@5 P (surfel),90.8,missing: not produced by this run,91.34,92.77,92.8,99.23,
A,G1@5 R (median TSDF),90.7,missing: not produced by this run,91.01,missing: not produced by this run,90.84,n/a: the TSDF version's own mesh (row above),
A,G1@5 R (surfel),95.34,missing: not produced by this run,91.74,91.57,91.03,98.07,
A,G2@5 F1 (median TSDF),94.87,missing: not produced by this run,94.85,missing: not produced by this run,94.68,missing: not in the TSDF evaluation,
A,G2@5 F1 (surfel),94.63,missing: not produced by this run,92.88,93.44,93.45,missing: not in the TSDF evaluation,
A,"object F1 (Table 1: duration-weighted, NR)",95.84,missing: not produced by this run,95.78,missing: not produced by this run,95.78,93.74,"TSDF value = L2_FINAL2 SUMMARY object.duration_weighted_nr (the variant of Table 1 and of the novelty numbers 92.92/98.43/98.55, which are final10_20261005 'Object F1', an earlier TSDF build; its raw native F1 88.20/83.91/76.83). Checked 2026-10-06 13:03: (1) same variant for rows and TSDF (harness object_weighted_nr.py; NR = 0 for update_layer exports: export_obj4d emits identities > 0 with points only, no person/empty nodes, checked on smoke3 A); (2) identity input: both read datasets/local_ab/instance_labels/session_<s> (L2_FINAL2 control/command.txt instance_dir) and the same ObjectEvaluator associates by geometry; the TSDF objects pass through Khronos' extraction (volume gates, observations), the GaME objects are the Gaussians' I1 identity: same input, different object formation; (3) last_observed = UINT64_MAX on every node, but one map per snapshot holding only the objects shown then: the evaluator loads exactly the snapshot's nodes (smoke3 A: 15/15 queries NumDsgLoaded = snapshot nodes), so ended objects are not carried into later queries"
A,"object F1 (raw native, unweighted)",95.94,missing: not produced by this run,95.89,missing: not produced by this run,95.89,89.0,"raw native counts every present node: the TSDF maps hold person / empty nodes (NR nodes A 92, B 305, C 382) as hallucinations, update_layer exports none: not like for like; use the Table 1 lines"
A,"object P (Table 1: duration-weighted, NR)",100.0,missing: not produced by this run,100.0,missing: not produced by this run,100.0,100.0,
A,"object P (raw native, unweighted)",100.0,missing: not produced by this run,100.0,missing: not produced by this run,100.0,90.47,
A,"object R (Table 1: duration-weighted, NR)",93.6,missing: not produced by this run,93.54,missing: not produced by this run,93.54,90.0,
A,"object R (raw native, unweighted)",93.76,missing: not produced by this run,93.7,missing: not produced by this run,93.7,83.05,
B,D1 person P/R/F1,85.56/100.0/92.22,85.56/100.0/92.22,missing: not produced by this run,missing: not produced by this run,85.56/100.0/92.22,missing: not in the TSDF evaluation,
B,D1 person P/R/F1 (main: frames the layer processed),85.56/100.0/92.22,85.56/100.0/92.22,missing: not produced by this run,missing: not produced by this run,missing: not produced by this run,missing: not in the TSDF evaluation,
B,D2 TP/FP/FN,2/0/0,missing: not produced by this run,2/0/0,1/0/1,2/4/0,2/0/0,
B,D3 TP/FP/FN,16/0/2,missing: not produced by this run,13/0/5,5/0/13,13/3/5,15/0/1,
B,G1@5 F1 (median TSDF),89.63,missing: not produced by this run,87.6,missing: not produced by this run,89.31,n/a: the TSDF version's own mesh (row above),
B,G1@5 F1 (surfel),89.31,missing: not produced by this run,85.32,93.21,85.54,97.04,
B,G1@5 P (median TSDF),88.94,missing: not produced by this run,86.75,missing: not produced by this run,89.01,n/a: the TSDF version's own mesh (row above),
B,G1@5 P (surfel),83.01,missing: not produced by this run,79.64,93.15,87.24,95.48,
B,G1@5 R (median TSDF),90.34,missing: not produced by this run,88.47,missing: not produced by this run,89.6,n/a: the TSDF version's own mesh (row above),
B,G1@5 R (surfel),96.65,missing: not produced by this run,91.87,93.27,83.91,98.66,
B,G2@5 F1 (median TSDF),93.05,missing: not produced by this run,91.24,missing: not produced by this run,92.92,missing: not in the TSDF evaluation,
B,G2@5 F1 (surfel),92.74,missing: not produced by this run,87.59,94.07,87.85,missing: not in the TSDF evaluation,
B,ghost % (old-site full map),10.52,missing: not produced by this run,31.6,n/a: no inherited old-site probes,10.93,3.33,
B,"object F1 (Table 1: duration-weighted, NR)",99.9,missing: not produced by this run,99.95,missing: not produced by this run,99.85,99.19,"TSDF value = L2_FINAL2 SUMMARY object.duration_weighted_nr (the variant of Table 1 and of the novelty numbers 92.92/98.43/98.55, which are final10_20261005 'Object F1', an earlier TSDF build; its raw native F1 88.20/83.91/76.83). Checked 2026-10-06 13:03: (1) same variant for rows and TSDF (harness object_weighted_nr.py; NR = 0 for update_layer exports: export_obj4d emits identities > 0 with points only, no person/empty nodes, checked on smoke3 A); (2) identity input: both read datasets/local_ab/instance_labels/session_<s> (L2_FINAL2 control/command.txt instance_dir) and the same ObjectEvaluator associates by geometry; the TSDF objects pass through Khronos' extraction (volume gates, observations), the GaME objects are the Gaussians' I1 identity: same input, different object formation; (3) last_observed = UINT64_MAX on every node, but one map per snapshot holding only the objects shown then: the evaluator loads exactly the snapshot's nodes (smoke3 A: 15/15 queries NumDsgLoaded = snapshot nodes), so ended objects are not carried into later queries"
B,"object F1 (raw native, unweighted)",99.9,missing: not produced by this run,99.95,missing: not produced by this run,99.85,86.22,"raw native counts every present node: the TSDF maps hold person / empty nodes (NR nodes A 92, B 305, C 382) as hallucinations, update_layer exports none: not like for like; use the Table 1 lines"
B,"object P (Table 1: duration-weighted, NR)",99.9,missing: not produced by this run,99.9,missing: not produced by this run,99.9,99.51,
B,"object P (raw native, unweighted)",99.9,missing: not produced by this run,99.9,missing: not produced by this run,99.9,76.46,
B,"object R (Table 1: duration-weighted, NR)",99.9,missing: not produced by this run,100.0,missing: not produced by this run,99.8,98.99,
B,"object R (raw native, unweighted)",99.9,missing: not produced by this run,100.0,missing: not produced by this run,99.8,99.01,
B,retention absent_residue,31.3,missing: not produced by this run,44.29,19.47,23.73,missing: not in the TSDF evaluation,
B,retention of the previous session's correct surface @5cm (real),96.42,missing: not produced by this run,95.44,92.27,95.23,99.0,"real-data definition (eval/retention_correct.py): stable reference = previous session's G1 reference within 5 cm of the current one; retained = share of what the previous map covered that the current map still covers; rows 3/4: median-depth TSDF exports, row 1: surfel exports; TSDF: its final meshes. Not the synthetic 'Retention of A-correct surface' (STABLE_ACCUMULATION, the novelty's 99.75)"
B,retention present_kept,98.77,missing: not produced by this run,97.19,93.13,88.43,missing: not in the TSDF evaluation,
B,retention unobserved_retention,83.61,missing: not produced by this run,78.93,23.7,73.13,missing: not in the TSDF evaluation,
C,D1 person P/R/F1,97.97/89.99/93.81,97.97/89.99/93.81,missing: not produced by this run,missing: not produced by this run,98.0/100.0/98.99,missing: not in the TSDF evaluation,
C,D1 person P/R/F1 (main: frames the layer processed),97.97/100.0/98.97,97.97/100.0/98.97,missing: not produced by this run,missing: not produced by this run,missing: not produced by this run,missing: not in the TSDF evaluation,
C,D2 TP/FP/FN,2/0/0,2/0/0,2/1/0,2/3/0,2/3/0,2/0/0,
C,D3 TP/FP/FN,12/0/0,12/0/0,6/0/6,1/0/11,7/1/5,10/0/0,
C,G1@5 F1 (median TSDF),91.56,91.27,89.58,missing: not produced by this run,88.84,n/a: the TSDF version's own mesh (row above),
C,G1@5 F1 (surfel),89.64,89.67,84.27,93.58,85.79,98.16,
C,G1@5 P (median TSDF),91.97,92.15,88.63,missing: not produced by this run,90.53,n/a: the TSDF version's own mesh (row above),
C,G1@5 P (surfel),82.79,83.43,77.63,94.41,86.22,97.08,
C,G1@5 R (median TSDF),91.15,90.42,90.55,missing: not produced by this run,87.21,n/a: the TSDF version's own mesh (row above),
C,G1@5 R (surfel),97.73,96.91,92.15,92.77,85.36,99.27,
C,G2@5 F1 (median TSDF),92.93,92.49,91.86,missing: not produced by this run,91.16,missing: not in the TSDF evaluation,
C,G2@5 F1 (surfel),91.11,90.96,86.1,94.1,86.93,missing: not in the TSDF evaluation,
C,GaME render test PSNR/LPIPS/MS-SSIM/depth L1 cm (final model),18.66/0.429/0.771/5.50,19.02/0.413/0.798/5.22,missing: not produced by this run,missing: not produced by this run,missing: not produced by this run,missing: not in the TSDF evaluation,
C,"GaME render test PSNR/LPIPS/MS-SSIM/depth L1 cm (map of each frame's time, 4D)",19.18/0.421/0.782/3.60,19.57/0.399/0.811/2.93,missing: not produced by this run,missing: not produced by this run,missing: not produced by this run,missing: not in the TSDF evaluation,
C,GaME render train PSNR/LPIPS/MS-SSIM/depth L1 cm (final model),18.65/0.428/0.771/5.50,19.02/0.412/0.798/5.22,missing: not produced by this run,missing: not produced by this run,missing: not produced by this run,missing: not in the TSDF evaluation,
C,ghost % (old-site full map),12.88,13.38,40.5,n/a: no inherited old-site probes,10.26,7.12,
C,"object F1 (Table 1: duration-weighted, NR)",98.15,98.15,98.7,missing: not produced by this run,98.51,98.27,"TSDF value = L2_FINAL2 SUMMARY object.duration_weighted_nr (the variant of Table 1 and of the novelty numbers 92.92/98.43/98.55, which are final10_20261005 'Object F1', an earlier TSDF build; its raw native F1 88.20/83.91/76.83). Checked 2026-10-06 13:03: (1) same variant for rows and TSDF (harness object_weighted_nr.py; NR = 0 for update_layer exports: export_obj4d emits identities > 0 with points only, no person/empty nodes, checked on smoke3 A); (2) identity input: both read datasets/local_ab/instance_labels/session_<s> (L2_FINAL2 control/command.txt instance_dir) and the same ObjectEvaluator associates by geometry; the TSDF objects pass through Khronos' extraction (volume gates, observations), the GaME objects are the Gaussians' I1 identity: same input, different object formation; (3) last_observed = UINT64_MAX on every node, but one map per snapshot holding only the objects shown then: the evaluator loads exactly the snapshot's nodes (smoke3 A: 15/15 queries NumDsgLoaded = snapshot nodes), so ended objects are not carried into later queries"
C,"object F1 (raw native, unweighted)",98.17,98.17,98.71,missing: not produced by this run,98.53,81.26,"raw native counts every present node: the TSDF maps hold person / empty nodes (NR nodes A 92, B 305, C 382) as hallucinations, update_layer exports none: not like for like; use the Table 1 lines"
C,"object P (Table 1: duration-weighted, NR)",98.06,98.06,98.24,missing: not produced by this run,99.43,98.32,
C,"object P (raw native, unweighted)",98.08,98.08,98.26,missing: not produced by this run,99.43,69.86,
C,"object R (Table 1: duration-weighted, NR)",98.31,98.31,99.18,missing: not produced by this run,97.73,98.29,
C,"object R (raw native, unweighted)",98.33,98.33,99.19,missing: not produced by this run,97.75,97.27,
C,retention absent_residue,38.46,41.28,53.28,18.31,31.5,missing: not in the TSDF evaluation,
C,retention of the previous session's correct surface @5cm (real),94.03,91.51,93.94,91.77,90.67,99.05,"real-data definition (eval/retention_correct.py): stable reference = previous session's G1 reference within 5 cm of the current one; retained = share of what the previous map covered that the current map still covers; rows 3/4: median-depth TSDF exports, row 1: surfel exports; TSDF: its final meshes. Not the synthetic 'Retention of A-correct surface' (STABLE_ACCUMULATION, the novelty's 99.75)"
C,retention present_kept,98.28,97.05,90.01,85.43,87.17,missing: not in the TSDF evaluation,
C,retention unobserved_retention,73.24,69.15,69.72,29.67,74.27,missing: not in the TSDF evaluation,
ABC,D1 person P/R/F1,96.46/91.95/94.15,96.46/91.95/94.15,missing: not produced by this run,missing: not produced by this run,96.61/100.0/98.27,"91.4/5.4/10.3 (published abc_eval_final DYNAMIC_PEOPLE ABC, 09-07 baseline run, not L2_FINAL2; same per-frame definition as the rows)",
ABC,D1 person P/R/F1 (main: frames the layer processed),96.46/100.0/98.2,96.46/100.0/98.2,missing: not produced by this run,missing: not produced by this run,missing: not produced by this run,missing: not in the TSDF evaluation,
