session,metric,row 4 v4 (pre_ref),row 3 v3 (pre_ref),row 1 v3 (pre_ref),row 4 v4 post_ref,row 3 v3 post_ref,TSDF L2_FINAL2,note
A,D1 person P/R/F1,98.58/100.0/99.29,missing: not produced by this run,missing: not produced by this run,98.58/100.0/99.29,missing: not produced by this run,missing: not in the TSDF evaluation,
A,D1 person P/R/F1 (main: frames the layer processed),98.58/100.0/99.29,missing: not produced by this run,missing: not produced by this run,98.58/100.0/99.29,missing: not produced by this run,missing: not in the TSDF evaluation,
A,D2 TP/FP/FN,1/0/0,1/0/0,1/0/0,missing: not produced by this run,missing: not produced by this run,1/0/0,
A,G1@5 F1 (median TSDF),93.08,93.09,93.21,missing: not produced by this run,missing: not produced by this run,n/a: the TSDF version's own mesh (row above),
A,G1@5 F1 (surfel),93.01,93.15,93.43,missing: not produced by this run,missing: not produced by this run,98.65,
A,G1@5 P (median TSDF),95.59,95.62,95.53,missing: not produced by this run,missing: not produced by this run,n/a: the TSDF version's own mesh (row above),
A,G1@5 P (surfel),90.8,90.68,91.15,missing: not produced by this run,missing: not produced by this run,99.23,
A,G1@5 R (median TSDF),90.7,90.68,91.0,missing: not produced by this run,missing: not produced by this run,n/a: the TSDF version's own mesh (row above),
A,G1@5 R (surfel),95.34,95.77,95.82,missing: not produced by this run,missing: not produced by this run,98.07,
A,G2@5 F1 (median TSDF),94.87,94.55,94.91,missing: not produced by this run,missing: not produced by this run,missing: not in the TSDF evaluation,
A,G2@5 F1 (surfel),94.63,94.25,94.71,missing: not produced by this run,missing: not produced by this run,missing: not in the TSDF evaluation,
A,"object F1 (Table 1: duration-weighted, NR)",95.84,95.84,95.84,missing: not produced by this run,missing: not produced by this run,93.74,"TSDF value = L2_FINAL2 SUMMARY object.duration_weighted_nr (the variant of Table 1 and of the novelty numbers 92.92/98.43/98.55, which are final10_20261005 'Object F1', an earlier TSDF build; its raw native F1 88.20/83.91/76.83). Checked 2026-10-06 13:03: (1) same variant for rows and TSDF (harness object_weighted_nr.py; NR = 0 for update_layer exports: export_obj4d emits identities > 0 with points only, no person/empty nodes, checked on smoke3 A); (2) identity input: both read datasets/local_ab/instance_labels/session_<s> (L2_FINAL2 control/command.txt instance_dir) and the same ObjectEvaluator associates by geometry; the TSDF objects pass through Khronos' extraction (volume gates, observations), the GaME objects are the Gaussians' I1 identity: same input, different object formation; (3) last_observed = UINT64_MAX on every node, but one map per snapshot holding only the objects shown then: the evaluator loads exactly the snapshot's nodes (smoke3 A: 15/15 queries NumDsgLoaded = snapshot nodes), so ended objects are not carried into later queries"
A,"object F1 (raw native, unweighted)",95.94,95.94,95.94,missing: not produced by this run,missing: not produced by this run,89.0,"raw native counts every present node: the TSDF maps hold person / empty nodes (NR nodes A 92, B 305, C 382) as hallucinations, update_layer exports none: not like for like; use the Table 1 lines"
A,"object P (Table 1: duration-weighted, NR)",100.0,100.0,100.0,missing: not produced by this run,missing: not produced by this run,100.0,
A,"object P (raw native, unweighted)",100.0,100.0,100.0,missing: not produced by this run,missing: not produced by this run,90.47,
A,"object R (Table 1: duration-weighted, NR)",93.6,93.6,93.6,missing: not produced by this run,missing: not produced by this run,90.0,
A,"object R (raw native, unweighted)",93.76,93.76,93.76,missing: not produced by this run,missing: not produced by this run,83.05,
B,D1 person P/R/F1,85.56/100.0/92.22,missing: not produced by this run,missing: not produced by this run,85.56/100.0/92.22,missing: not produced by this run,missing: not in the TSDF evaluation,
B,D1 person P/R/F1 (main: frames the layer processed),85.56/100.0/92.22,missing: not produced by this run,missing: not produced by this run,85.56/100.0/92.22,missing: not produced by this run,missing: not in the TSDF evaluation,
B,D2 TP/FP/FN,2/0/0,1/0/1,2/0/0,missing: not produced by this run,missing: not produced by this run,2/0/0,
B,D3 TP/FP/FN,16/0/2,16/0/2,9/0/9,missing: not produced by this run,missing: not produced by this run,15/0/1,
B,G1@5 F1 (median TSDF),89.63,88.64,93.62,missing: not produced by this run,missing: not produced by this run,n/a: the TSDF version's own mesh (row above),
B,G1@5 F1 (surfel),89.31,88.03,94.55,missing: not produced by this run,missing: not produced by this run,97.04,
B,G1@5 P (median TSDF),88.94,87.98,95.86,missing: not produced by this run,missing: not produced by this run,n/a: the TSDF version's own mesh (row above),
B,G1@5 P (surfel),83.01,81.05,93.34,missing: not produced by this run,missing: not produced by this run,95.48,
B,G1@5 R (median TSDF),90.34,89.31,91.47,missing: not produced by this run,missing: not produced by this run,n/a: the TSDF version's own mesh (row above),
B,G1@5 R (surfel),96.65,96.32,95.79,missing: not produced by this run,missing: not produced by this run,98.66,
B,G2@5 F1 (median TSDF),93.05,92.56,94.88,missing: not produced by this run,missing: not produced by this run,missing: not in the TSDF evaluation,
B,G2@5 F1 (surfel),92.74,91.75,95.69,missing: not produced by this run,missing: not produced by this run,missing: not in the TSDF evaluation,
B,ghost % (old-site full map),10.52,42.43,n/a: no inherited old-site probes,missing: not produced by this run,missing: not produced by this run,3.33,
B,"object F1 (Table 1: duration-weighted, NR)",99.9,99.14,97.6,missing: not produced by this run,missing: not produced by this run,99.19,"TSDF value = L2_FINAL2 SUMMARY object.duration_weighted_nr (the variant of Table 1 and of the novelty numbers 92.92/98.43/98.55, which are final10_20261005 'Object F1', an earlier TSDF build; its raw native F1 88.20/83.91/76.83). Checked 2026-10-06 13:03: (1) same variant for rows and TSDF (harness object_weighted_nr.py; NR = 0 for update_layer exports: export_obj4d emits identities > 0 with points only, no person/empty nodes, checked on smoke3 A); (2) identity input: both read datasets/local_ab/instance_labels/session_<s> (L2_FINAL2 control/command.txt instance_dir) and the same ObjectEvaluator associates by geometry; the TSDF objects pass through Khronos' extraction (volume gates, observations), the GaME objects are the Gaussians' I1 identity: same input, different object formation; (3) last_observed = UINT64_MAX on every node, but one map per snapshot holding only the objects shown then: the evaluator loads exactly the snapshot's nodes (smoke3 A: 15/15 queries NumDsgLoaded = snapshot nodes), so ended objects are not carried into later queries"
B,"object F1 (raw native, unweighted)",99.9,99.16,97.65,missing: not produced by this run,missing: not produced by this run,86.22,"raw native counts every present node: the TSDF maps hold person / empty nodes (NR nodes A 92, B 305, C 382) as hallucinations, update_layer exports none: not like for like; use the Table 1 lines"
B,"object P (Table 1: duration-weighted, NR)",99.9,98.34,98.12,missing: not produced by this run,missing: not produced by this run,99.51,
B,"object P (raw native, unweighted)",99.9,98.37,98.14,missing: not produced by this run,missing: not produced by this run,76.46,
B,"object R (Table 1: duration-weighted, NR)",99.9,100.0,97.98,missing: not produced by this run,missing: not produced by this run,98.99,
B,"object R (raw native, unweighted)",99.9,100.0,96.51,missing: not produced by this run,missing: not produced by this run,99.01,
B,retention absent_residue,31.3,42.65,23.02,missing: not produced by this run,missing: not produced by this run,missing: not in the TSDF evaluation,
B,retention of the previous session's correct surface @5cm (real),96.42,95.68,88.95,missing: not produced by this run,missing: not produced by this run,99.0,"real-data definition (eval/retention_correct.py): stable reference = previous session's G1 reference within 5 cm of the current one; retained = share of what the previous map covered that the current map still covers; rows 3/4: median-depth TSDF exports, row 1: surfel exports; TSDF: its final meshes. Not the synthetic 'Retention of A-correct surface' (STABLE_ACCUMULATION, the novelty's 99.75)"
B,retention present_kept,98.77,98.88,94.34,missing: not produced by this run,missing: not produced by this run,missing: not in the TSDF evaluation,
B,retention unobserved_retention,83.61,83.98,30.79,missing: not produced by this run,missing: not produced by this run,missing: not in the TSDF evaluation,
C,D1 person P/R/F1,97.97/89.99/93.81,missing: not produced by this run,missing: not produced by this run,97.97/89.99/93.81,missing: not produced by this run,missing: not in the TSDF evaluation,
C,D1 person P/R/F1 (main: frames the layer processed),97.97/100.0/98.97,missing: not produced by this run,missing: not produced by this run,97.97/100.0/98.97,missing: not produced by this run,missing: not in the TSDF evaluation,
C,D2 TP/FP/FN,2/0/0,2/0/0,2/0/0,2/0/0,2/0/0,2/0/0,
C,D3 TP/FP/FN,12/0/0,10/0/2,5/0/7,12/0/0,10/0/2,10/0/0,
C,G1@5 F1 (median TSDF),91.56,90.75,95.33,91.27,89.24,n/a: the TSDF version's own mesh (row above),
C,G1@5 F1 (surfel),89.64,85.95,94.85,89.67,85.68,98.16,
C,G1@5 P (median TSDF),91.97,90.12,97.0,92.15,88.76,n/a: the TSDF version's own mesh (row above),
C,G1@5 P (surfel),82.79,76.46,92.07,83.43,76.53,97.08,
C,G1@5 R (median TSDF),91.15,91.38,93.72,90.42,89.72,n/a: the TSDF version's own mesh (row above),
C,G1@5 R (surfel),97.73,98.14,97.8,96.91,97.3,99.27,
C,G2@5 F1 (median TSDF),92.93,92.47,96.08,92.49,91.16,missing: not in the TSDF evaluation,
C,G2@5 F1 (surfel),91.11,87.96,95.24,90.96,87.75,missing: not in the TSDF evaluation,
C,GaME render test PSNR/LPIPS/MS-SSIM/depth L1 cm (final model),18.66/0.429/0.771/5.50,18.29/0.447/0.752/5.63,18.92/0.397/0.787/4.88,19.02/0.413/0.798/5.22,18.55/0.424/0.777/5.21,missing: not in the TSDF evaluation,
C,"GaME render test PSNR/LPIPS/MS-SSIM/depth L1 cm (map of each frame's time, 4D)",19.18/0.421/0.782/3.60,missing: not produced by this run,missing: not produced by this run,19.57/0.399/0.811/2.93,missing: not produced by this run,missing: not in the TSDF evaluation,
C,GaME render train PSNR/LPIPS/MS-SSIM/depth L1 cm (final model),18.65/0.428/0.771/5.50,18.29/0.447/0.752/5.64,18.92/0.396/0.788/4.87,19.02/0.412/0.798/5.22,18.55/0.423/0.778/5.21,missing: not in the TSDF evaluation,
C,ghost % (old-site full map),12.88,61.06,n/a: no inherited old-site probes,13.38,46.04,7.12,
C,"object F1 (Table 1: duration-weighted, NR)",98.15,99.35,97.61,98.15,99.35,98.27,"TSDF value = L2_FINAL2 SUMMARY object.duration_weighted_nr (the variant of Table 1 and of the novelty numbers 92.92/98.43/98.55, which are final10_20261005 'Object F1', an earlier TSDF build; its raw native F1 88.20/83.91/76.83). Checked 2026-10-06 13:03: (1) same variant for rows and TSDF (harness object_weighted_nr.py; NR = 0 for update_layer exports: export_obj4d emits identities > 0 with points only, no person/empty nodes, checked on smoke3 A); (2) identity input: both read datasets/local_ab/instance_labels/session_<s> (L2_FINAL2 control/command.txt instance_dir) and the same ObjectEvaluator associates by geometry; the TSDF objects pass through Khronos' extraction (volume gates, observations), the GaME objects are the Gaussians' I1 identity: same input, different object formation; (3) last_observed = UINT64_MAX on every node, but one map per snapshot holding only the objects shown then: the evaluator loads exactly the snapshot's nodes (smoke3 A: 15/15 queries NumDsgLoaded = snapshot nodes), so ended objects are not carried into later queries"
C,"object F1 (raw native, unweighted)",98.17,99.36,97.64,98.17,99.36,81.26,"raw native counts every present node: the TSDF maps hold person / empty nodes (NR nodes A 92, B 305, C 382) as hallucinations, update_layer exports none: not like for like; use the Table 1 lines"
C,"object P (Table 1: duration-weighted, NR)",98.06,98.74,99.28,98.06,98.74,98.32,
C,"object P (raw native, unweighted)",98.08,98.76,99.29,98.08,98.76,69.86,
C,"object R (Table 1: duration-weighted, NR)",98.31,100.0,96.37,98.31,100.0,98.29,
C,"object R (raw native, unweighted)",98.33,100.0,95.57,98.33,100.0,97.27,
C,retention absent_residue,38.46,63.23,24.52,41.28,58.74,missing: not in the TSDF evaluation,
C,retention of the previous session's correct surface @5cm (real),94.03,95.82,90.45,91.51,93.81,99.05,"real-data definition (eval/retention_correct.py): stable reference = previous session's G1 reference within 5 cm of the current one; retained = share of what the previous map covered that the current map still covers; rows 3/4: median-depth TSDF exports, row 1: surfel exports; TSDF: its final meshes. Not the synthetic 'Retention of A-correct surface' (STABLE_ACCUMULATION, the novelty's 99.75)"
C,retention present_kept,98.28,98.55,93.03,97.05,97.81,missing: not in the TSDF evaluation,
C,retention unobserved_retention,73.24,69.89,35.74,69.15,66.48,missing: not in the TSDF evaluation,
ABC,D1 person P/R/F1,96.46/91.95/94.15,missing: not produced by this run,missing: not produced by this run,96.46/91.95/94.15,missing: not produced by this run,"91.4/5.4/10.3 (published abc_eval_final DYNAMIC_PEOPLE ABC, 09-07 baseline run, not L2_FINAL2; same per-frame definition as the rows)",
ABC,D1 person P/R/F1 (main: frames the layer processed),96.46/100.0/98.2,missing: not produced by this run,missing: not produced by this run,96.46/100.0/98.2,missing: not produced by this run,missing: not in the TSDF evaluation,
