item,content
date,"2026-10-09 07:46 (after the 07:34 restart)"
change,"P1 withdrawn (one change): GaME's opacity prune deletes Gaussians of earlier sessions as published, instead of ending them (death_prune) and keeping them in the GPU model. Nothing else in the decision core changes (split rules c066077 stay). run.py adds a per-round GPU readout (allocated/reserved peak) and a clean stop when the reserved peak exceeds GPU_GUARD_GB (default 14.5 of 16.3 GB) - a run limit, not a model parameter."
code,"final2 06a3092 (snapshot runs/update_layer_game_T1_20261006/code_06a3092, final_code_hash.txt); dev carries the same commit. Unit tests 17/17 (footprint, prior t_L, l2 new-site, t1 birth/extractor, evidence scenarios)."
why_P1_is_not_needed,"P1 (1a24c78) kept pruned earlier-session rows so 'the maps of their keyframes' times keep them'. The history readouts (objects4d, retention, accept history) read session_X/timeline.pkl, whose scenes are RENDERED at each snapshot time (game.py snapshot()/_render_scene: the scene list stores renders, not rows), so a row pruned later is still in every earlier snapshot. The layer reads elements() = rows alive now; ended rows never enter a decision (game.py:1356). The decided version 29d7f6e (prune deleting) passed the accept history check on real A->B->C and synthetic A->B. What P1 did change: the official tsdf export of session B renders A's stored keyframes at their times, so pruned A rows were still rendered there; without P1 those renders use the pruned model (= the decided version's readout, real B 92.42 / synthetic B 87.76)."
gpu_prediction,"Measured: ~237 B/row parameters, ~977 B/row training footprint (param+grad+2 Adam+label). Crashed run syn_row4i B (P1 on): 13.2 GB used at frame 2269 with ~3.0 M alive rows plus the P1-ended rows (real B had 711,299 = 28 % of the model; synthetic B not counted before the crash), failed at frame 3241 (3.11 M alive) with dmesg dxgkio_make_resident ENOMEM. Decided version (no P1), same synthetic B: 2.96 -> 3.16 M alive rows, ran to the end on this card; older no-P1 synthetic runs sampled by nvidia-smi peaked at 11.4 GB used (syn_row4v6.log.vram). Prediction for syn B with P1 off: alive rows 3.0-3.2 M -> 3.1 GB of training rows + the fixed part (~6.4 GB: rasterizer buffers, keyframes, label table, allocator cache) = ~9.5-11.5 GB reserved; guard 14.5 GB stops the run cleanly if that is wrong. The readout in the log will give the actual per-round peak (this is also the first direct measurement; earlier numbers are nvidia-smi samples)."
ram_disk_prediction,"RAM: checkpoint_a 11.4 GB loaded once; process RSS of earlier synthetic B runs stayed below the 45 GB WSL limit with no side job; nothing else runs (single GPU job, GPU.lock). Disk: 393 GB used of the 450 GB cap (D: 316 GB free); outputs: checkpoint_b ~12 GB + timeline.pkl + eval -> < 20 GB; the crashed run's partial session_b is overwritten by --resume from checkpoint_a (no new directory)."
run,"synthetic B only, resumed from syn_row4i/checkpoint_a (A is unaffected by P1: in the first session there is no earlier-session row, death_prune stays empty, so A under aa4424b == A under c066077; A is not rerun - user: 合成A还要跑么). Then eval_row.sh synthetic (A and B evaluated from both checkpoints, retention A->B, render readouts). Expected wall time: B ~70 min + eval ~20 min."
metric_expectations,"Synthetic B G1 F1 reference points: decided syn_row4s3cb 87.76 (no P1, lenient footprint), row 1 84.91, row 3 90.25; synthetic A (c066077, syn_row4i): 22 closures, 21 consistent with the GT motions. Expectation: B >= 87.76 (the split rules improved real C 93.80 -> 94.58 with the same core; P1 off returns the export to the decided readout). A reported as measured; no shrinking of conclusions, no repeat runs."
stop_rules,"(1) GPU GUARD line in the log (reserved > 14.5 GB) -> run stops by itself, no eval, report the peak and the element count. (2) any CUDA/driver error -> no retry, record and report. (3) accept history FAIL or B closures inconsistent with GT_ANIMATION_INTERVALS -> stop before any real chain, analyse offline on the B checkpoint first. (4) B G1 < 87.76 -> report the number and the decomposition; no tuning, no further chain until the user decides."
offline_evidence_real,"Real ABC under the same core: real_row4i C 94.58/94.40/94.49 official, accept history PASS (lost 0), object F1 98.42; real_row4g A 93.22 / B 92.89 (P1 on). P1 off real evidence: decided 29d7f6e (prune deleting) real A 93.31 / B 92.42 / C 94.57, accept PASS - the prune mode alone never broke a history check. Element-rule and footprint verdict counts on real elements/frames: fp4_a (1 closure, element_rule 134,858 vs base 130,303) recorded in prerun_review_final_9b58938 and footprint_d278057 addenda."
offline_evidence_synthetic,"Synthetic A->B under the decided core (no P1) completed on this card with 2.96-3.16 M rows (syn_row4s3cb.log); synthetic A under c066077 completed (2.88 M rows, 11.4 GB checkpoint) and its closures match the GT motions 21/22. The only synthetic failure mode seen (two crashes) is GPU residency, which this change addresses directly; it is a hypothesis until the readout confirms the peak - the guard makes the failure mode harmless either way."
failure_handling,"On a guard stop or crash: keep syn_row4i/checkpoint_a, record the peak, do not rerun; next step would be measuring the fixed part offline (CPU-side count of keyframe/raster buffers) before any further GPU job. On metric failure: offline analysis on checkpoint_b (closure_compare, state_rows, g1_decompose) only."
after,"If B passes the stop rules: real A->B->C with the same code 06a3092 (one chain, the deliverable), each session followed by eval; cleanup of superseded intermediates after each evaluation, newest checkpoints kept."
addendum_08:00,"Helper review 07:47 (NO-GO until three gaps close). Code now final2 8c08076 (snapshot code_8c08076, final_code_hash.txt). dev branch left at 06a3092 (diverged by an earlier cherry-pick; not the deliverable)."
gap1_real_ABC_consequence,"Measured, not estimated. Offline P1-off export (records/label_table_check is separate; this one: scratch export_p1off.py = the official tsdf_export with every prune-ended row treated as deleted) of real_row4g checkpoint_b and real_row4i checkpoint_c, scored by the official G1 scorer: real B P/R/F1 92.14/93.65/92.89 (official with P1: 92.14/93.65/92.89), real C 94.58/94.40/94.49 (official 94.58/94.40/94.49) - drop 0.00 in both. Reason: the official export renders the map of the checkpoint's last stamp from every stored keyframe (tsdf_export: gm.alive = alive_at(t) once), and 0 of the 725,239 (B) / 1,311,741 (C) prune-ended rows are alive at that stamp (CPU count, p1_rows). Helper's criterion (drop <= 0.3) passed with margin. The 0.47 between decided B 92.42 and real_row4g B 92.89 is therefore not P1 (other changes of that version). What remains unmeasured: P1 rows (opacity below GaME's prune threshold raw < 0.1) stayed rendered, frozen, for this session's earlier keyframes during later training iterations; removing them changes those renders by rows the published method deletes."
gap2_gpu_accounting,"Direct measurement replaces the estimate (scratch gpu_steady.py on syn_row4i checkpoint_a restored exactly as --resume does): 2,966,470 rows, 4.22 GB allocated, 100 % accounted, 1421 B/row - of which the I1 label table 1.768 GB (596 B/row: dense N x 149 float32 for the synthetic labels; real has 18 labels = 72 B/row), f_rest param+Adam 1.60 GB (540 B/row), the rest 0.85 GB. Keyframes live on the CPU (0 GB). The earlier '977 B/row + 6.4 GB fixed' was wrong: there is no large fixed part; the table scaled with rows and labels. The unexplained ~2.7 GB of the crash: (i) the label table itself (not in the 977 B/row), (ii) the rasterizer's used_count buffer (obj_num+1) x N float32 = 1.8 GB transient at every vote render on the synthetic map, (iii) the densify/prune copies: FlashSplat replaces each param group by indexing/cat (old and new coexist per group: f_rest group 1.6 GB -> +0.5 GB transient) and our per-row columns including the label table (+1.77 GB transient) - both crashes' tracebacks are in that label-table copy (10-07 v5: torch.cat in densification_postfix at 12.0 -> 15.8 GB used; 10-09 syn_row4i: label_weight[keep] in prune); (iv) allocator cache (expandable segments; reserved > allocated). The 10-07 v5 run (code 82558fe, NO P1, 3.44 M rows) died the same way, so P1 was not the only cause - it raised the row count (28-42 % ended rows kept) on top of the table."
fix_label_table,"I1 label table stored sparse on the GPU (LabelTable, update_layer/backends/game/label_table.py): non-zero entries only (1.75 per row synthetic, 1.86 real): 104 MB instead of 1.77 GB on the synthetic map, and the densify/prune copies shrink accordingly. Same values: sums formed from the same two operands, best label = first column of the largest entry (dense torch.max rule), rows without entries -> (0, 0). Verified offline on the REAL checkpoint tables (synthetic A 2.97 M x 149, real B 2.58 M x 18), every operation the backend uses bitwise equal to the dense path: roundtrip, max values and indices (ties, 3,045 / 7,181 empty rows), += render-shaped delta, rows[keep], rows[par] with duplicate parents, append rows/columns, CSR checkpoint roundtrip (records/label_table_check_20261009.py; 13/13 PASS on both). CPU unit test added (18/18 tests pass on the snapshot). Checkpoint format unchanged (CSR), so syn_row4i/checkpoint_a loads unchanged. Not a model change: no decision, threshold or value changes."
gap2_guard,"GPU_GUARD_GB default 13.5 (run.py) and in queue81.sh; it reads max_memory_reserved (what the driver holds), allocated printed next to it. New prediction for synthetic B: restored state 2.55 GB (4.22 - 1.77 + 0.10) + B's rows; training/render buffers and the 1.8 GB used_count transient on top: expected peak reserved 7-10 GB; the densify/prune transient no longer carries the 1.77 GB table."
gap3_synthetic_AB,"Stated explicitly: this synthetic B run IS the synthetic AB validation of the memory fix (no synthetic B checkpoint exists under the new rules to test offline; A's checkpoint is reused since A has no earlier-session rows and the table values are unchanged). Guard trip or driver error = stop, no retry, no rerun; metric stop rules as in the main review."
smoke,"Live-path check before the run: real A 300 frames then B 300 frames resumed, code 8c08076 (votes with the real rasterizer used_count, densify, prune, checkpoint save/load) - result appended below."
smoke_result,"08:00-08:01 code 8c08076 (same backend as final 04141fd; 04141fd only adds the reserved-peak readout): real A 300 frames exit 0, B 300 frames resumed exit 0, checkpoints saved and reloaded; label tables in the checkpoints CSR with 143,358 (A, 8 labels, 52,827 Gaussians with an identity) / 624,887 entries (B, 16 labels, 228,622 with an identity): the vote path (add_dense, max) ran live. Peak 1.3 GB on the smoke."
final_code,"final2 04141fd = c066077 split rules + P1 withdrawn (aa4424b) + GPU readout/guard 13.5 (d81c71c, 04141fd) + sparse label table (500aa6b, 8c08076). Snapshot code_04141fd; queue81.sh points at it. Tests 18/18."
launch,"08:05 queue81.sh started (synthetic B from syn_row4i/checkpoint_a, --resume, GPU_GUARD_GB 13.5, single job), per the helper's rule: gap 1 criterion passed (drop 0.00), guard 13.5 set, gap 3 stated. Stop rules as above; results to the helper and the records when the evaluation finishes."
