section,item,content
scope-status,stopped,"2026-10-07 15:57: stage A was stopped at 1395/4003 frames (15:51, supervisor 2043d2: the split without a session-end surface update equals row 1 in A); the series is on hold pending the supervisor's audit of every row-4 mechanism"
scope,what,"Written 2026-10-07 15:48, self-approved; covers the staged series of real row 4 v6 (user: A -> A->B -> A->B->C; supervisor 2043d2). Code 2f211cd (S1 split d713124 + the present clean as a switch, off), archive runs/.../code_2f211cd. Flags: --backend game --row 4 --core l2 --d1 --g5 --inside --g5-reference tsdf --g8-holdout --split, GAME_CONFIG flat.yaml (= v4's flags with --split; the reference is tsdf as the design sec. 7 specifies: the session's own evidence TSDF, independent of the map). Stage A: --sessions a; stage B: --resume --sessions ab; stage C: --resume (all). Each stage evaluated by eval_row.sh with SES = the sessions so far, compared with real rows 1 v3 / 3 v3 (same evaluation chain); F1 decides. Stage B runs only after the B proxy has a configuration with G1 F1 >= 93.61 (supervisor 15:52)."
1 derivation,sources,"S1 (design des_tsdf-faithful sec. 1-11): present = fresh GaME per session (as row 1); memory frozen; step 5 of session_refusion.cpp with its bands (h = map_resolution/2 or object_voxel/2, T = truncation or 2 object_voxel; lines 1068-1069, 1087-1088, 541-543), INSIDE margin one object voxel (362), empty-object guard (1576-1581); background birth = start of its session (stated assumption: a session's present describes the scene from its first frame on). Eq. 5 self-check: keyframe k of session S renders the present alive at t_k (all its keyframes are within S, bg birth = S start) and is never used for the memory; the map of time t < S start is the memory as it was."
2 quantities,units,"Real: map_resolution 0.05, truncation 0.15, object_voxel 0.02 (run.py dataset_config); evidence 5 Hz, pixel_step 4; GaME scale 10."
3 readout and eval,identical,"Official chain unchanged (supervisor 15:40): G1/G2 median export over every stored view (memory views first, then the present's keyframes), timeline readout first echo, objects4d Table 1, D1, D2/D3, ghost, retention, retention_correct, G8 (only C holds frames out). Rows 1 / 3 are not rerun."
4 artefacts,saved,"real_row4v6/session_<s>/{timeline.pkl, run.json, layer_log.txt, ...}, checkpoint_<s>.pt (image-free memory views + the present's keyframes in the merged state: small), the eval folders."
5 smoke,same archive,"smoke_split_real (A300+B300, d713124): no crash, B memory test hidden 10196 / seen_through 279 / displaced 5935 / inside 840, peak 1.08 GB; 2f211cd only switches the present clean off."
6 resources,GPU / disk,"Expected peak ~6-8 GB (present ~ row 1's 5.96 GB + memory parameters); light proxy side jobs may run next to it (>= 6 GB free, side_gate). Disk: used inside 359 GB, vhdx 449.7 GB, D: free 357 GB."
7 predictions,written first,"Stage A: no memory, so the present = row 1's A path plus the layer (D1, online decisions); expected A metrics ~ row 1 A (G1 F1 93.21 +- run noise 0.1-0.3) and object/D1 as v4's A. Refuted if A's G1 F1 < row 1 by > 0.3 (then: localize before B)."
