switch,tag,what it did,tried,result (official G1 F1 unless noted),why not adopted,last commit with the code
--ray-band,RB / RB2,"earlier sessions' keyframes train GaME only from outside a band tau = sigma(q) (+ the fork's error_per_metre q), no colour (Azinovic et al. CVPR 2022 Eq. 3); the layer's online depth scale (depth_scale_online, error_per_metre)","2026-10-07, real B from v7's A","B 90.73 (RB), 91.76 (RB2) vs 92.42 (S3cb)","GT-worse in B; the decided form is S3 by the fork's cross-session structure (session_refusion.cpp:97-100, 891, 1512-1517)",bdba3b9
--render-evidence,RE,the element rule's evidence from GaME's first-echo Gaussian per pixel instead of the element centre,"2026-10-07, real B from v7's A, then real A",B 92.60 (vs 92.42); A 92.84 < gate 93.11,failed the A gate (GT-worse in A),bdba3b9
--band-evidence,RE2,"a reading within the truncation band in front of an element counts as 'not a surface' (KinectFusion Eq. 9), only for elements the session has neither hit nor seen through (session_refusion.cpp:1272)","2026-10-07, offline replay on the S3cb B map; real A started and stopped",replay: B 92.40 (gated) / 92.23 (ungated) vs 92.42; band set covers 168 of ~300 strict old-site residue Gaussians,no G1 effect; the old-site rationale was withdrawn (the 28k 'residue' were current surfaces 5-9 cm off and layers behind walls),bdba3b9
--depth-normalized,DN,GaME's depth term on the alpha-normalised expected depth D/alpha (2DGS Eq. 18 definition) where alpha >= min_opacity,"2026-10-07, B proxy (continued training of S3cb's B), real A from scratch",proxy B 92.97 vs control 92.13; A from scratch 92.53 (nearer >= 5 cm 8.4 % vs 5.3 %),failed the A gate from scratch; using D/alpha as GaME's loss was our design (only the definition is sourced),bdba3b9
--depth-median,DM,GaME's depth term plus |z_median - d| on the Gaussian the median readout selects (2DGS Eq. 19),"2026-10-07/08, unit + gradient checks, smokes on A and B maps, real A from scratch",A 92.73 (vs 93.31 without); smokes passed; B run stopped,"A from scratch lower by 0.58 (same pattern as DN: deeper errors down, nearer up); user 10-08 00:5x: no more trial and error",bdba3b9
--online-step5,S4,the fork's session-end step-5 vote applied online in every round on the earlier sessions' memory,"2026-10-07, real B (v10 = S3 + N1 + S4, no closed background)",B 92.70 (+0.35 vs v9); ended ~525k carried Gaussians,below the B target; it copies the fork's session-end vote (the refusion the user ruled out),bdba3b9
--element-normals,N1,GaME elements carry the rendered-surface normal so the element rule's 60 deg facing test applies (per-Gaussian normal bookkeeping),"2026-10-07, real A (v7n)",A 93.37 vs 93.31 (repeated A runs of the default form 93.18-93.37),within the run-to-run spread; not part of the decided form S3 + layer defaults; GaME elements now carry NaN normals as before N1,bdba3b9
"(O1, no switch)",O1,object-labelled Gaussians without an owning state are background to the layer,"2026-10-08, real A","A 92.66 (9,995 object Gaussians retired by evidence vs 40)",GT-worse in A; reverted in 51344a9 (the leak it targets stays open: 852 ownerless Gaussians in S3cb B),a51f005
"(UL_DUMP env, never committed)",-,figure-only dump of the map at given seconds into a session,2026-10-08,-,not needed: the 4D map of any time is rendered from the checkpoint (T1 alive_at),-
