step,source (session_refusion.cpp @192c1cf),TSDF version,wavemap counterpart (update_layer + wavemap row 4),status,reason / open,code
core (L2),"persistent_object_state.cpp, projected_physical_evidence.cpp @192c1cf",the decision core of the TSDF version,"the same port as for GaME (core/l2, replay 0 mismatches): run.py --core l2 is the default for every backend; wavemap has consumes_state_intervals = False, so the layer retires the cells of ended states itself (object support, layer.decide)",ported (backend-independent),"no wavemap row with --core l2 has run yet (queue: GaME first); element ids = generation << 48 | cell index, so a retired cell measured again is a new element",core/layer.py decide; run.py
D1,"Hydra/Khronos front end (core/d1.py, see the 3DGS table)",motion pixels and person trajectories,"frames.MOTION -> dynamic_mask: wavemap integrates no motion pixel (wavemap.py integrate: keep = finite & ~dynamic_mask), as the people already were",covered (no adapter change),-,frames.py dynamic_mask; backends/wavemap/wavemap.py integrate
gather + memory,"553-629 (is_memory: P53 copy tolerance, backend_session.cpp:262-300)",final-map vertices that are copies of the loaded memory,"cells created before the session's first frame: Elements.created = the stamp of the first frame that measured a surface point in the cell in its current generation (carried cells keep theirs; a retired cell starts a new generation, created when it is measured again, or when the beam model occupies it again without a surface point: the latest integrated frame at the first report)",ported (2026-10-06 12:09),"the cell table records creation, so no copy test is needed (as GaME / points); unit test: carried cells 2760/2760 memory, re-measured retired cells created in the new frames",backends/wavemap/wavemap.py _State.born; core/layer.py session_end_memory
measured current-state surface / step 1 (cut) / step 1b (stale),"636-870",the present is re-fused from the session's frames with the pixels of object L before t_L cut and stale free space not counted,"none: the wavemap map is not re-fused; every frame is integrated once. The layer retires the cells of a state when it ends (object support), and the next state's cells come from its own measurements",not applicable (no re-fusion),"open: in row 4 (free scaling 1e-6) frames before t_L that integrated L's region keep their occupancy there until object support retires it",core/layer.py decide (object support)
step 2 present (reference surface),891-929,TSDF of this session's frames + marching cubes,"a TSDF of the layer's stored frames (session_end.present_surface, the object voxel), the same as GaME row 4 (fe7227e); --g5-reference render falls back to it and the log says so (reference=tsdf (the backend has no renderer))",ported (TSDF of the stored frames),"open: a wavemap rendering of the map of now (first occupied cell per pixel) would replace it as GaME's render does; pywavemap 2.2.1 exposes no raycast (Map: get_cell_values / interpolate only), the C++ library has a cell traversal (library/cpp/include/wavemap/core/utils/iterate/ray_iterator.h) that would have to be bound or ported",core/session_end.py present_surface
step 3 depth noise (P37),"940-1007, sigmaFromHistogram 215-293",sigma(q) per 0.5 m range bin from front-facing present vertices,same estimator on the step-2 reference (layer),ported (backend-independent),-,core/session_end.py noise_table
depth scale (P41),"377-477, 1014-1018",session depth scale carried to the next session,same estimator on the layer's stored frames,ported (backend-independent),-,core/session_end.py depth_scale
step 4 measured fill,"1020-1043, 1132-1141, 1209-1218",own faces where the present integrated nothing are kept,none needed: the wavemap map is not replaced by a re-fused present,not applicable,-,-
identity of present faces,1220-1252,present faces take the nearest current object's identity,"each cell carries the majority identity of the latest frame's points in it (adapter, unchanged)",covered (adapter),-,backends/wavemap/wavemap.py integrate
step 5 memory,"1045-1208, 1254-1294","memory faces tested per frame (hit / through / blocked / band; reach): seen_through, hidden, displaced give way","the same tests on memory cells: tau = max(own support, sigma(q)), band = the cell's own support = half its diagonal (1.73 cm at 2 cm cells; the role of a Gaussian's 3 sigma support: the element's extent); retire at the session start = set_cell_value(min_log_odds), the cell's 4D lifetime ends at the session start (SnapshotRecorder.end), a new generation if measured again",ported (2026-10-06 12:09; not run yet),"retire read-back (review 2026-10-06 12:11, experiments_20261005.csv): no retired cell reads back occupied and no kept cell changes, but set_cell_value is not an exact assignment on the wavelet tree (after one pass retired cells read -2.00 .. -0.02); row 4 has free scaling 1e-6, so nothing lowers them further",core/session_end.py memory_test / decide; run.py --g5; backends/wavemap/wavemap.py retire
INSIDE,"318-375 (insideMemory), 1307-1316","an object's memory vertex in view, farther than one voxel from any present surface and inside the same object's present surface (64 directions) gives way","not ported: GaME's version renders each object (GOF opacity); wavemap has no renderer (step 2). A wavemap version would ask the 64-direction question of the TSDF on the object's own occupied cells (first occupied cell of that identity along each direction)",not ported (--inside reports n/a (no renderer)),needs the step-2 traversal first,-
step 5b fill duplicating kept memory (P53),1333-1420+,a fill face within the same-surface boundary of a kept memory face is not added,no fill (step 4 not applicable); a re-measured memory cell is the same cell,not applicable,-,-
assembly,rest of apply,the edited final map,"retire of the memory that gave way (log-odds to the minimum, new generation, lifetime ended at the session start); no session-end refinement (wavemap has none)",ported,-,run.py (--g5 block); backends/wavemap/wavemap.py retire
checkpoints,run.py save_checkpoint,-,"none yet: WavemapBackend has no prior_state, so no checkpoint_<s>.pt (the map could be saved with pywavemap Map.store / Map.load plus the cell table)",open,needed only for a median-depth export or a resume; wavemap's export is its own cells,backends/wavemap/wavemap.py
