step,source (session_refusion.cpp @192c1cf),TSDF version,3DGS counterpart (update_layer + GaME row 4),status,reason / open,code
gather + memory,"553-629 (is_memory: P53 copy tolerance, backend_session.cpp:262-300)",final-map vertices that are copies of the loaded memory (within the float32 copy tolerance),Gaussians created before the session's first frame (Elements.created = GaME per-Gaussian creation stamp),ported,the representation knows each element's creation; no copy test needed,core/layer.py session_end_memory
measured current-state surface,636-684,"per object, voxels holding its own pixels from t_L on (input of step 1b)",T1: a state's Gaussians are trained only by keyframes from its birth on,covered by T1,see step 1/1b,"backends/game/game.py set_state_intervals, optimize_model alive_at(kf_stamp)"
step 1 (cut),686-792 (frames.cut),the pixels of object L before its current state began (t_L) are removed from the frames the present is fused from,"T1: at a keyframe t_k < t_L the state of L is not alive, so L's Gaussians are neither rendered nor supervised there",covered by T1 (present map),"for the step-5 evidence the layer's stored frames are not cut: affects only memory elements behind L's region seen before t_L (open, small)",game.py alive_at; core/session_end.py memory_test
step 1b (stale),793-870,free space seen through L's current surface before t_L is not free-space evidence for the present (free_limit),T1: frames before t_L never train L's current Gaussians (no carving of L's new state by earlier frames),covered by T1 (present map),"memory_test does not apply free_limit (all_valid) to stale pixels (open, small)",game.py; core/session_end.py
step 2 TSDF + MC,891-929,"the present = TSDF of this session's frames (object voxel, truncation 2 voxels), marching cubes",the present = the authorised Gaussians: T1 keyframe training + the session-end refinement (F1) under the final state intervals,covered (authorised re-optimisation),P37/P41/displaced currently read a TSDF of the stored frames as the reference surface; to be replaced by the rendered median depth (depth_ratio 1) of the authorised Gaussians (supervisor 11:12; after the row-4 numbers),game.py finish_session; core/session_end.py present_surface (to replace)
present normals/centroids,931-938,"face normals, centroids of the present",vertex normals of the reference surface (see step 2),ported (with the step-2 reference),follows the step-2 replacement,core/session_end.py present_surface
step 3 depth noise (P37),"940-1007, sigmaFromHistogram 215-293","sigma(q) per 0.5 m range bin = 1.4826 x median |reading - range| of front-facing present vertices within one truncation, RTS-smoothed",same estimator and smoother on the reference surface,ported,smoother bit-equal to the C++ (300/300); reference surface: see step 2,"core/session_end.py noise_table, sigma_from_histogram"
depth scale (P41),"377-477, 1014-1018",s minimising the measured-unit median disagreement of re-measured points; Laplace penalty; carried to the next session (depth_scales.txt),same estimator on the layer's stored frames; carried in the layer prior,ported,"64 frames, stride 16 archive px = 8 layer px",core/session_end.py depth_scale; layer prior depth_scales
step 4 measured fill,"1020-1043, 1132-1141, 1209-1218",own faces of the final map where the present integrated nothing and some frame measured within tau are kept (the present replaces the final map elsewhere),none needed: the 3DGS final map is not replaced by a re-fused present; the session's own Gaussians stay by construction,not applicable,-,-
identity of present faces,1220-1252,present faces take the identity of the nearest current object mesh within one voxel,each Gaussian carries its identity (I1: FlashSplat optimal assignment),covered by I1,-,game.py _assign_identity
step 5 memory,"1045-1208, 1254-1294","memory faces tested per frame (hit / through / blocked / band; reach): seen_through, hidden, displaced give way","same tests on memory Gaussians (tau = max(3 sigma, sigma(q)), band = own 3 sigma support), retired at the session start (D3) before the refinement",ported,"hidden = 0 by the band derivation (3DGS holds a surface's thickness; a 0.15 m TSDF band would retire 21 %); offline smoke3 B: seen_through 641, displaced 980","core/session_end.py memory_test, decide; run.py --g5"
INSIDE,"318-375 (insideMemory), 1307-1316","an object's memory vertex in view, farther than one voxel from any present surface and inside the same object's present surface (64 directions: more first hits from behind than from the front) gives way","GOF opacity field (Gaussian Opacity Fields, arXiv 2404.10772 sec. 4.1: a point's opacity = its minimum over the training views): per object, render only that object's live Gaussians (median depth where T first drops to 0.5, and alpha) with ul_rasterizer; a view counts for a memory Gaussian of the object only where it projects inside the object's silhouette (alpha >= 0.5), and outside the silhouette in any view means outside the object (not INSIDE); INSIDE = behind the object's median-depth surface in every view where it projects (min opacity >= 0.5). Per-object rendering, not the scene's: a point hidden by another object would otherwise fall behind that object's surface (supervisor 11:23, session_refusion.cpp:318-320 'inside the same object's present surface'); plus the TSDF clause 'farther than one voxel from any present surface' (:362) as a margin: behind by more than max(3 sigma, object voxel) in every counted view","ported (opt-in --inside, after row 4)","offline smoke3 B: without the margin 38157 retired and the export changed (P@5 87.65 -> 87.43: Gaussians just behind the 0.5 level set carry the surface's remaining opacity); with it 29293 retired, export and G1 unchanged (87.66/47.06/61.24). Timeline object points are rendered samples (game.py _render_scene_alive), so INSIDE with the margin changes no render of the session; it removes interior memory (model size, later sessions' views). TSDF real B: 13667 vertices",core/session_end.py inside_test; backends/game/game.py render_identity; run.py --inside
step 5b fill duplicating kept memory (P53),1333-1420+,a fill face (step 4) within the same-surface posterior boundary of a kept memory face is not added (EM: half-normal vs exponential/uniform),no fill (step 4 not applicable),not applicable,memory and the session's Gaussians are one jointly optimised model; duplicates are not created by a separate fusion,-
assembly,rest of apply,the edited final map: present + kept memory + fill,retire (death_evidence) of the memory that gave way; T1 removes it from every map from the session start on; refinement,ported,-,"run.py (--g5 block), game.py retire"
